cdate,cp
1997-05-15,23.500
1997-05-16,20.750
1997-05-19,20.500
1997-05-20,19.625
1997-05-21,17.125
1997-05-22,16.750
1997-05-23,18.000
1997-05-27,19.000
1997-05-28,18.375
1997-05-29,18.062
1997-05-30,18.000
1997-06-02,18.125
1997-06-03,17.750
1997-06-04,17.000
1997-06-05,18.500
1997-06-06,19.875
1997-06-09,20.250
1997-06-10,19.000
1997-06-11,18.500
1997-06-12,19.250
1997-06-13,19.000
1997-06-16,18.875
1997-06-17,18.062
1997-06-18,18.125
1997-06-19,18.125
1997-06-20,18.312
1997-06-23,18.000
1997-06-24,18.125
1997-06-25,18.125
1997-06-26,18.125
1997-06-27,17.875
1997-06-30,18.500
1997-07-01,18.188
1997-07-02,19.062
1997-07-03,22.938
1997-07-07,24.000
1997-07-08,27.625
1997-07-09,27.875
1997-07-10,30.750
1997-07-11,27.500
1997-07-14,25.625
1997-07-15,29.250
1997-07-16,28.000
1997-07-17,26.625
1997-07-18,25.875
1997-07-21,26.188
1997-07-22,25.625
1997-07-23,27.500
1997-07-24,27.125
1997-07-25,26.750
1997-07-28,27.875
1997-07-29,29.750
1997-07-30,29.375
1997-07-31,28.750
1997-08-01,29.000
1997-08-04,27.750
1997-08-05,26.500
1997-08-06,27.000
1997-08-07,26.125
1997-08-08,27.500
1997-08-11,27.938
1997-08-12,26.375
1997-08-13,26.375
1997-08-14,25.875
1997-08-15,25.375
1997-08-18,24.500
1997-08-19,26.000
1997-08-20,26.000
1997-08-21,25.375
1997-08-22,25.500
1997-08-25,26.625
1997-08-26,28.125
1997-08-27,27.812
1997-08-28,28.500
1997-08-29,28.063
1997-09-02,28.250
1997-09-03,28.000
1997-09-04,30.625
1997-09-05,30.000
1997-09-08,36.000
1997-09-09,38.875
1997-09-10,39.625
1997-09-11,37.875
1997-09-12,44.250
1997-09-15,37.125
1997-09-16,40.250
1997-09-17,40.875
1997-09-18,39.500
1997-09-19,47.375
1997-09-22,54.000
1997-09-23,55.500
1997-09-24,52.500
1997-09-25,48.938
1997-09-26,50.000
1997-09-29,48.500
1997-09-30,52.062
1997-10-01,48.250
1997-10-02,48.125
1997-10-03,48.188
1997-10-06,49.500
1997-10-07,48.687
1997-10-08,48.063
1997-10-09,45.000
1997-10-10,46.813
1997-10-13,48.000
1997-10-14,47.750
1997-10-15,47.062
1997-10-16,43.500
1997-10-17,43.500
1997-10-20,45.875
1997-10-21,53.125
1997-10-22,54.250
1997-10-23,54.000
1997-10-24,60.312
1997-10-27,51.250
1997-10-28,59.375
1997-10-29,64.688
1997-10-30,61.500
1997-10-31,61.000
1997-11-03,60.875
1997-11-04,59.500
1997-11-05,58.500
1997-11-06,55.938
1997-11-07,53.750
1997-11-10,50.500
1997-11-11,47.375
1997-11-12,45.250
1997-11-13,46.312
1997-11-14,50.000
1997-11-17,52.500
1997-11-18,53.000
1997-11-19,54.125
1997-11-20,55.000
1997-11-21,53.875
1997-11-24,50.750
1997-11-25,50.438
1997-11-26,51.125
1997-11-28,49.500
1997-12-01,51.250
1997-12-02,50.812
1997-12-03,52.375
1997-12-04,54.000
1997-12-05,55.125
1997-12-08,56.500
1997-12-09,56.250
1997-12-10,54.125
1997-12-11,56.250
1997-12-12,54.500
1997-12-15,55.000
1997-12-16,53.500
1997-12-17,52.688
1997-12-18,51.500
1997-12-19,54.000
1997-12-22,56.375
1997-12-23,55.500
1997-12-24,55.250
1997-12-26,54.250
1997-12-29,57.000
1997-12-30,58.188
1997-12-31,60.250
1998-01-02,59.500
1998-01-05,57.000
1998-01-06,58.062
1998-01-07,57.375
1998-01-08,55.375
1998-01-09,51.125
1998-01-12,51.625
1998-01-13,55.750
1998-01-14,58.500
1998-01-15,59.438
1998-01-16,57.500
1998-01-20,59.438
1998-01-21,60.875
1998-01-22,61.625
1998-01-23,59.250
1998-01-26,57.750
1998-01-27,57.000
1998-01-28,57.250
1998-01-29,59.500
1998-01-30,59.000
1998-02-02,62.375
1998-02-03,61.812
1998-02-04,60.750
1998-02-05,59.250
1998-02-06,58.875
1998-02-09,58.250
1998-02-10,63.625
1998-02-11,63.500
1998-02-12,63.125
1998-02-13,62.250
1998-02-17,61.750
1998-02-18,60.875
1998-02-19,62.750
1998-02-20,63.250
1998-02-23,64.875
1998-02-24,64.875
1998-02-25,65.875
1998-02-26,72.750
1998-02-27,77.000
1998-03-02,76.250
1998-03-03,71.750
1998-03-04,73.437
1998-03-05,75.000
1998-03-06,76.750
1998-03-09,83.500
1998-03-10,83.109
1998-03-11,79.625
1998-03-12,78.500
1998-03-13,78.687
1998-03-16,79.000
1998-03-17,79.875
1998-03-18,85.312
1998-03-19,84.000
1998-03-20,84.000
1998-03-23,83.812
1998-03-24,84.250
1998-03-25,81.687
1998-03-26,82.750
1998-03-27,85.000
1998-03-30,85.875
1998-03-31,85.531
1998-04-01,90.125
1998-04-02,95.062
1998-04-03,93.000
1998-04-06,88.625
1998-04-07,86.000
1998-04-08,88.625
1998-04-09,95.250
1998-04-13,94.312
1998-04-14,97.187
1998-04-15,96.125
1998-04-16,98.500
1998-04-17,94.875
1998-04-20,94.250
1998-04-21,93.063
1998-04-22,87.250
1998-04-23,81.000
1998-04-24,84.875
1998-04-27,82.750
1998-04-28,95.625
1998-04-29,95.500
1998-04-30,91.750
1998-05-01,94.500
1998-05-04,95.250
1998-05-05,93.719
1998-05-06,90.375
1998-05-07,91.000
1998-05-08,92.375
1998-05-11,86.875
1998-05-12,91.375
1998-05-13,92.875
1998-05-14,91.563
1998-05-15,89.625
1998-05-18,88.062
1998-05-19,90.375
1998-05-20,88.625
1998-05-21,88.750
1998-05-22,86.000
1998-05-26,81.875
1998-05-27,86.625
1998-05-28,85.938
1998-05-29,88.125
1998-06-01,85.625
1998-06-02,43.688
1998-06-03,42.250
1998-06-04,43.875
1998-06-05,44.250
1998-06-08,46.250
1998-06-09,51.250
1998-06-10,54.125
1998-06-11,62.500
1998-06-12,61.000
1998-06-15,65.750
1998-06-16,73.625
1998-06-17,79.000
1998-06-18,72.125
1998-06-19,75.813
1998-06-22,81.375
1998-06-23,92.688
1998-06-24,99.812
1998-06-25,99.062
1998-06-26,94.250
1998-06-29,98.750
1998-06-30,99.750
1998-07-01,114.125
1998-07-02,124.000
1998-07-06,139.500
1998-07-07,122.125
1998-07-08,107.125
1998-07-09,105.500
1998-07-10,99.500
1998-07-13,107.625
1998-07-14,115.000
1998-07-15,112.500
1998-07-16,113.375
1998-07-17,119.812
1998-07-20,137.500
1998-07-21,132.062
1998-07-22,134.000
1998-07-23,127.625
1998-07-24,124.250
1998-07-27,125.563
1998-07-28,118.937
1998-07-29,107.812
1998-07-30,113.750
1998-07-31,110.875
1998-08-03,108.250
1998-08-04,109.875
1998-08-05,106.187
1998-08-06,109.500
1998-08-07,116.000
1998-08-10,121.625
1998-08-11,124.000
1998-08-12,130.375
1998-08-13,127.500
1998-08-14,122.750
1998-08-17,119.687
1998-08-18,128.687
1998-08-19,128.750
1998-08-20,129.125
1998-08-21,129.688
1998-08-24,134.750
1998-08-25,131.625
1998-08-26,127.250
1998-08-27,119.000
1998-08-28,105.891
1998-08-31,83.750
1998-09-01,79.953
1998-09-02,87.875
1998-09-03,85.875
1998-09-04,86.250
1998-09-08,92.250
1998-09-09,84.500
1998-09-10,79.625
1998-09-11,76.062
1998-09-14,73.688
1998-09-15,73.000
1998-09-16,84.500
1998-09-17,77.000
1998-09-18,79.688
1998-09-21,85.500
1998-09-22,88.188
1998-09-23,105.125
1998-09-24,102.125
1998-09-25,109.250
1998-09-28,115.625
1998-09-29,113.125
1998-09-30,111.625
1998-10-01,102.625
1998-10-02,110.250
1998-10-05,104.703
1998-10-06,108.313
1998-10-07,93.438
1998-10-08,86.187
1998-10-09,91.188
1998-10-12,93.188
1998-10-13,91.375
1998-10-14,93.500
1998-10-15,97.063
1998-10-16,99.437
1998-10-19,105.750
1998-10-20,106.750
1998-10-21,110.000
1998-10-22,114.688
1998-10-23,116.125
1998-10-26,121.438
1998-10-27,116.312
1998-10-28,117.062
1998-10-29,126.500
1998-10-30,126.437
1998-11-02,131.000
1998-11-03,126.062
1998-11-04,129.812
1998-11-05,128.500
1998-11-06,124.562
1998-11-09,126.875
1998-11-10,131.750
1998-11-11,126.625
1998-11-12,131.000
1998-11-13,127.750
1998-11-16,126.250
1998-11-17,148.500
1998-11-18,164.000
1998-11-19,153.250
1998-11-20,180.625
1998-11-23,218.000
1998-11-24,214.500
1998-11-25,210.312
1998-11-27,216.625
1998-11-30,192.000
1998-12-01,209.500
1998-12-02,199.500
1998-12-03,189.500
1998-12-04,188.500
1998-12-07,191.000
1998-12-08,204.063
1998-12-09,216.250
1998-12-10,213.125
1998-12-11,223.000
1998-12-14,222.250
1998-12-15,242.750
1998-12-16,289.000
1998-12-17,276.750
1998-12-18,286.688
1998-12-21,318.750
1998-12-22,322.375
1998-12-23,325.000
1998-12-24,324.813
1998-12-28,351.938
1998-12-29,332.313
1998-12-30,321.250
1998-12-31,321.250
1999-01-04,354.938
1999-01-05,124.500
1999-01-06,138.000
1999-01-07,158.875
1999-01-08,160.250
1999-01-11,184.625
1999-01-12,163.375
1999-01-13,148.000
1999-01-14,138.000
1999-01-15,140.375
1999-01-19,139.812
1999-01-20,113.000
1999-01-21,106.000
1999-01-22,123.000
1999-01-25,112.375
1999-01-26,115.094
1999-01-27,125.625
1999-01-28,122.875
1999-01-29,116.938
1999-02-01,115.875
1999-02-02,110.250
1999-02-03,125.750
1999-02-04,118.000
1999-02-05,115.875
1999-02-08,109.125
1999-02-09,100.000
1999-02-10,97.438
1999-02-11,109.875
1999-02-12,104.500
1999-02-16,98.625
1999-02-17,93.500
1999-02-18,89.500
1999-02-19,101.875
1999-02-22,106.500
1999-02-23,115.188
1999-02-24,110.938
1999-02-25,125.000
1999-02-26,128.125
1999-03-01,133.000
1999-03-02,121.312
1999-03-03,123.500
1999-03-04,120.125
1999-03-05,121.500
1999-03-08,122.188
1999-03-09,129.938
1999-03-10,137.125
1999-03-11,134.875
1999-03-12,133.312
1999-03-15,138.938
1999-03-16,133.812
1999-03-17,131.000
1999-03-18,138.438
1999-03-19,135.062
1999-03-22,132.000
1999-03-23,119.375
1999-03-24,123.688
1999-03-25,139.875
1999-03-26,139.062
1999-03-29,149.625
1999-03-30,164.688
1999-03-31,172.188
1999-04-01,171.000
1999-04-05,186.500
1999-04-06,182.875
1999-04-07,175.812
1999-04-08,179.000
1999-04-09,182.875
1999-04-12,184.438
1999-04-13,178.375
1999-04-14,168.000
1999-04-15,167.250
1999-04-16,190.000
1999-04-19,158.938
1999-04-20,172.000
1999-04-21,179.250
1999-04-22,190.062
1999-04-23,210.125
1999-04-26,207.188
1999-04-27,205.875
1999-04-28,193.500
1999-04-29,168.250
1999-04-30,172.062
1999-05-03,150.938
1999-05-04,143.000
1999-05-05,146.500
1999-05-06,137.375
1999-05-07,136.375
1999-05-10,146.875
1999-05-11,148.375
1999-05-12,142.938
1999-05-13,136.000
1999-05-14,132.375
1999-05-17,137.625
1999-05-18,132.625
1999-05-19,139.562
1999-05-20,130.812
1999-05-21,128.562
1999-05-24,117.500
1999-05-25,111.562
1999-05-26,120.938
1999-05-27,114.562
1999-05-28,118.750
1999-06-01,105.812
1999-06-02,112.125
1999-06-03,105.062
1999-06-04,108.438
1999-06-07,117.375
1999-06-08,111.562
1999-06-09,114.000
1999-06-10,115.938
1999-06-11,105.812
1999-06-14,92.000
1999-06-15,96.500
1999-06-16,111.688
1999-06-17,112.938
1999-06-18,111.312
1999-06-21,123.500
1999-06-22,117.500
1999-06-23,117.750
1999-06-24,113.625
1999-06-25,110.188
1999-06-28,110.688
1999-06-29,116.062
1999-06-30,125.125
1999-07-01,122.375
1999-07-02,124.062
1999-07-06,126.875
1999-07-07,121.875
1999-07-08,125.375
1999-07-09,125.500
1999-07-12,117.375
1999-07-13,126.125
1999-07-14,135.000
1999-07-15,139.562
1999-07-16,137.625
1999-07-19,131.688
1999-07-20,120.125
1999-07-21,125.438
1999-07-22,106.812
1999-07-23,114.562
1999-07-26,105.938
1999-07-27,101.000
1999-07-28,105.750
1999-07-29,101.562
1999-07-30,100.062
1999-08-02,94.000
1999-08-03,94.875
1999-08-04,88.438
1999-08-05,97.250
1999-08-06,89.562
1999-08-09,85.500
1999-08-10,91.000
1999-08-11,90.938
1999-08-12,91.750
1999-08-13,97.438
1999-08-16,98.312
1999-08-17,109.250
1999-08-18,113.125
1999-08-19,106.125
1999-08-20,113.438
1999-08-23,118.375
1999-08-24,120.062
1999-08-25,132.875
1999-08-26,128.562
1999-08-27,128.500
1999-08-30,119.250
1999-08-31,124.375
1999-09-01,119.062
1999-09-02,60.062
1999-09-03,62.438
1999-09-07,62.938
1999-09-08,61.438
1999-09-09,63.625
1999-09-10,66.500
1999-09-13,63.312
1999-09-14,66.000
1999-09-15,65.562
1999-09-16,65.250
1999-09-17,63.812
1999-09-20,62.750
1999-09-21,62.250
1999-09-22,66.000
1999-09-23,62.250
1999-09-24,65.000
1999-09-27,62.562
1999-09-28,65.875
1999-09-29,80.750
1999-09-30,79.938
1999-10-01,77.250
1999-10-04,77.062
1999-10-05,78.438
1999-10-06,82.438
1999-10-07,87.312
1999-10-08,89.250
1999-10-11,88.375
1999-10-12,84.938
1999-10-13,79.938
1999-10-14,79.594
1999-10-15,75.062
1999-10-18,74.062
1999-10-19,76.625
1999-10-20,80.500
1999-10-21,80.750
1999-10-22,78.625
1999-10-25,82.750
1999-10-26,81.250
1999-10-27,75.938
1999-10-28,71.000
1999-10-29,70.625
1999-11-01,69.125
1999-11-02,66.438
1999-11-03,65.812
1999-11-04,63.062
1999-11-05,64.938
1999-11-08,78.000
1999-11-09,70.812
1999-11-10,72.000
1999-11-11,73.000
1999-11-12,74.938
1999-11-15,73.500
1999-11-16,78.938
1999-11-17,76.500
1999-11-18,77.938
1999-11-19,77.938
1999-11-22,80.500
1999-11-23,81.750
1999-11-24,87.250
1999-11-26,93.125
1999-11-29,90.438
1999-11-30,85.062
1999-12-01,85.000
1999-12-02,89.062
1999-12-03,86.562
1999-12-06,87.750
1999-12-07,86.062
1999-12-08,88.562
1999-12-09,103.625
1999-12-10,106.688
1999-12-13,102.500
1999-12-14,95.625
1999-12-15,96.500
1999-12-16,94.875
1999-12-17,94.062
1999-12-20,97.000
1999-12-21,99.875
1999-12-22,97.688
1999-12-23,90.000
1999-12-27,81.125
1999-12-28,82.312
1999-12-29,83.500
1999-12-30,79.062
1999-12-31,76.125
2000-01-03,89.375
2000-01-04,81.938
2000-01-05,69.750
2000-01-06,65.562
2000-01-07,69.562
2000-01-10,69.188
2000-01-11,66.750
2000-01-12,63.562
2000-01-13,65.938
2000-01-14,64.250
2000-01-18,64.125
2000-01-19,66.812
2000-01-20,64.750
2000-01-21,62.062
2000-01-24,70.125
2000-01-25,69.250
2000-01-26,64.812
2000-01-27,66.938
2000-01-28,61.688
2000-01-31,64.562
2000-02-01,67.438
2000-02-02,69.438
2000-02-03,84.188
2000-02-04,78.562
2000-02-07,75.000
2000-02-08,83.125
2000-02-09,80.250
2000-02-10,76.188
2000-02-11,76.188
2000-02-14,74.438
2000-02-15,73.812
2000-02-16,70.688
2000-02-17,69.000
2000-02-18,64.750
2000-02-22,63.562
2000-02-23,70.438
2000-02-24,68.438
2000-02-25,69.125
2000-02-28,65.750
2000-02-29,68.875
2000-03-01,65.875
2000-03-02,62.562
2000-03-03,62.500
2000-03-06,63.938
2000-03-07,63.500
2000-03-08,63.625
2000-03-09,68.812
2000-03-10,66.875
2000-03-13,65.312
2000-03-14,65.625
2000-03-15,63.750
2000-03-16,66.250
2000-03-17,64.812
2000-03-20,64.188
2000-03-21,72.375
2000-03-22,70.688
2000-03-23,67.688
2000-03-24,72.688
2000-03-27,73.125
2000-03-28,70.125
2000-03-29,66.250
2000-03-30,66.500
2000-03-31,67.000
2000-04-03,63.562
2000-04-04,63.938
2000-04-05,62.188
2000-04-06,64.250
2000-04-07,67.562
2000-04-10,63.375
2000-04-11,63.375
2000-04-12,56.375
2000-04-13,48.000
2000-04-14,46.875
2000-04-17,47.062
2000-04-18,54.938
2000-04-19,53.438
2000-04-20,52.375
2000-04-24,49.812
2000-04-25,52.438
2000-04-26,53.500
2000-04-27,52.875
2000-04-28,55.188
2000-05-01,59.938
2000-05-02,56.125
2000-05-03,54.125
2000-05-04,55.062
2000-05-05,58.500
2000-05-08,56.016
2000-05-09,56.250
2000-05-10,53.312
2000-05-11,54.875
2000-05-12,53.750
2000-05-15,56.062
2000-05-16,59.062
2000-05-17,61.000
2000-05-18,55.375
2000-05-19,52.625
2000-05-22,51.875
2000-05-23,46.688
2000-05-24,48.562
2000-05-25,45.500
2000-05-26,46.500
2000-05-30,51.750
2000-05-31,48.312
2000-06-01,50.188
2000-06-02,57.875
2000-06-05,54.500
2000-06-06,50.562
2000-06-07,51.812
2000-06-08,51.875
2000-06-09,52.188
2000-06-12,48.438
2000-06-13,49.000
2000-06-14,46.438
2000-06-15,46.312
2000-06-16,46.000
2000-06-19,45.312
2000-06-20,46.125
2000-06-21,46.062
2000-06-22,42.000
2000-06-23,33.875
2000-06-26,33.938
2000-06-27,36.500
2000-06-28,37.875
2000-06-29,37.125
2000-06-30,36.312
2000-07-03,37.000
2000-07-05,36.500
2000-07-06,36.062
2000-07-07,36.125
2000-07-10,35.062
2000-07-11,33.125
2000-07-12,35.062
2000-07-13,35.000
2000-07-14,42.625
2000-07-17,41.125
2000-07-18,41.750
2000-07-19,40.875
2000-07-20,40.312
2000-07-21,41.125
2000-07-24,38.750
2000-07-25,37.625
2000-07-26,36.062
2000-07-27,31.375
2000-07-28,30.000
2000-07-31,30.125
2000-08-01,30.250
2000-08-02,30.812
2000-08-03,31.500
2000-08-04,32.500
2000-08-07,33.812
2000-08-08,32.938
2000-08-09,30.875
2000-08-10,30.438
2000-08-11,33.688
2000-08-14,34.875
2000-08-15,37.562
2000-08-16,38.625
2000-08-17,38.250
2000-08-18,39.000
2000-08-21,37.500
2000-08-22,36.500
2000-08-23,38.812
2000-08-24,39.375
2000-08-25,39.938
2000-08-28,39.125
2000-08-29,39.625
2000-08-30,42.938
2000-08-31,41.500
2000-09-01,41.500
2000-09-05,45.688
2000-09-06,45.875
2000-09-07,43.500
2000-09-08,42.938
2000-09-11,42.375
2000-09-12,42.688
2000-09-13,42.438
2000-09-14,44.875
2000-09-15,43.625
2000-09-18,42.812
2000-09-19,40.750
2000-09-20,37.500
2000-09-21,40.062
2000-09-22,41.438
2000-09-25,40.375
2000-09-26,39.750
2000-09-27,37.875
2000-09-28,40.000
2000-09-29,38.438
2000-10-02,35.875
2000-10-03,35.062
2000-10-04,36.000
2000-10-05,33.562
2000-10-06,31.562
2000-10-09,30.062
2000-10-10,30.438
2000-10-11,27.812
2000-10-12,25.125
2000-10-13,28.438
2000-10-16,24.312
2000-10-17,21.938
2000-10-18,25.125
2000-10-19,27.750
2000-10-20,30.812
2000-10-23,30.000
2000-10-24,29.562
2000-10-25,31.875
2000-10-26,36.875
2000-10-27,35.625
2000-10-30,32.875
2000-10-31,36.625
2000-11-01,37.375
2000-11-02,39.750
2000-11-03,37.562
2000-11-06,36.562
2000-11-07,36.938
2000-11-08,33.875
2000-11-09,31.250
2000-11-10,30.062
2000-11-13,27.812
2000-11-14,28.938
2000-11-15,29.500
2000-11-16,27.812
2000-11-17,27.438
2000-11-20,25.812
2000-11-21,24.250
2000-11-22,25.188
2000-11-24,28.938
2000-11-27,28.000
2000-11-28,25.031
2000-11-29,26.938
2000-11-30,24.688
2000-12-01,24.625
2000-12-04,26.562
2000-12-05,25.375
2000-12-06,23.625
2000-12-07,21.375
2000-12-08,23.438
2000-12-11,25.312
2000-12-12,25.875
2000-12-13,23.750
2000-12-14,22.688
2000-12-15,22.875
2000-12-18,19.875
2000-12-19,18.250
2000-12-20,16.688
2000-12-21,15.188
2000-12-22,15.562
2000-12-26,16.938
2000-12-27,16.875
2000-12-28,17.375
2000-12-29,15.562
2001-01-02,13.875
2001-01-03,17.562
2001-01-04,15.500
2001-01-05,14.562
2001-01-08,14.938
2001-01-09,16.375
2001-01-10,16.500
2001-01-11,17.000
2001-01-12,17.688
2001-01-16,18.062
2001-01-17,18.375
2001-01-18,19.500
2001-01-19,19.938
2001-01-22,18.500
2001-01-23,18.953
2001-01-24,21.875
2001-01-25,19.000
2001-01-26,19.500
2001-01-29,20.125
2001-01-30,18.938
2001-01-31,17.312
2001-02-01,16.250
2001-02-02,14.375
2001-02-05,14.438
2001-02-06,15.812
2001-02-07,15.000
2001-02-08,14.375
2001-02-09,13.375
2001-02-12,14.500
2001-02-13,13.750
2001-02-14,14.438
2001-02-15,14.500
2001-02-16,13.688
2001-02-20,12.500
2001-02-21,11.938
2001-02-22,11.938
2001-02-23,11.812
2001-02-26,11.938
2001-02-27,11.750
2001-02-28,10.188
2001-03-01,10.438
2001-03-02,10.000
2001-03-05,12.625
2001-03-06,11.875
2001-03-07,12.250
2001-03-08,11.688
2001-03-09,12.250
2001-03-12,10.625
2001-03-13,11.000
2001-03-14,10.625
2001-03-15,10.875
2001-03-16,11.000
2001-03-19,10.500
2001-03-20,10.250
2001-03-21,10.000
2001-03-22,10.188
2001-03-23,10.188
2001-03-26,10.940
2001-03-27,11.640
2001-03-28,10.800
2001-03-29,10.000
2001-03-30,10.230
2001-04-02,9.100
2001-04-03,8.630
2001-04-04,8.400
2001-04-05,9.120
2001-04-06,8.370
2001-04-09,11.180
2001-04-10,12.010
2001-04-11,13.320
2001-04-12,14.670
2001-04-16,14.030
2001-04-17,14.740
2001-04-18,16.540
2001-04-19,15.990
2001-04-20,15.780
2001-04-23,16.200
2001-04-24,15.680
2001-04-25,16.090
2001-04-26,15.430
2001-04-27,15.270
2001-04-30,15.780
2001-05-01,16.890
2001-05-02,17.110
2001-05-03,16.750
2001-05-04,17.560
2001-05-07,16.920
2001-05-08,16.180
2001-05-09,15.010
2001-05-10,14.620
2001-05-11,14.680
2001-05-14,13.330
2001-05-15,13.540
2001-05-16,14.130
2001-05-17,14.780
2001-05-18,14.720
2001-05-21,16.380
2001-05-22,16.250
2001-05-23,15.600
2001-05-24,16.750
2001-05-25,17.090
2001-05-29,17.220
2001-05-30,15.660
2001-05-31,16.690
2001-06-01,16.950
2001-06-04,16.910
2001-06-05,16.440
2001-06-06,15.990
2001-06-07,16.130
2001-06-08,15.700
2001-06-11,14.860
2001-06-12,14.640
2001-06-13,14.120
2001-06-14,13.290
2001-06-15,12.490
2001-06-18,11.830
2001-06-19,11.360
2001-06-20,12.530
2001-06-21,13.080
2001-06-22,12.400
2001-06-25,12.810
2001-06-26,13.250
2001-06-27,14.040
2001-06-28,14.360
2001-06-29,14.150
2001-07-02,14.530
2001-07-03,14.130
2001-07-05,15.270
2001-07-06,15.270
2001-07-09,15.810
2001-07-10,15.610
2001-07-11,15.340
2001-07-12,16.490
2001-07-13,16.980
2001-07-16,16.010
2001-07-17,16.350
2001-07-18,15.960
2001-07-19,16.490
2001-07-20,16.980
2001-07-23,16.030
2001-07-24,12.060
2001-07-25,11.510
2001-07-26,12.330
2001-07-27,12.250
2001-07-30,12.550
2001-07-31,12.490
2001-08-01,12.500
2001-08-02,12.190
2001-08-03,12.150
2001-08-06,11.900
2001-08-07,11.600
2001-08-08,11.110
2001-08-09,10.460
2001-08-10,9.950
2001-08-13,10.120
2001-08-14,10.530
2001-08-15,10.080
2001-08-16,9.810
2001-08-17,9.990
2001-08-20,10.400
2001-08-21,9.890
2001-08-22,10.200
2001-08-23,9.630
2001-08-24,10.230
2001-08-27,10.130
2001-08-28,9.970
2001-08-29,9.190
2001-08-30,8.690
2001-08-31,8.940
2001-09-04,8.590
2001-09-05,7.650
2001-09-06,8.150
2001-09-07,8.510
2001-09-10,8.630
2001-09-17,7.490
2001-09-18,7.290
2001-09-19,7.310
2001-09-20,7.480
2001-09-21,7.480
2001-09-24,7.460
2001-09-25,7.090
2001-09-26,6.350
2001-09-27,6.200
2001-09-28,5.970
2001-10-01,6.010
2001-10-02,6.080
2001-10-03,6.760
2001-10-04,7.040
2001-10-05,7.200
2001-10-08,7.120
2001-10-09,6.910
2001-10-10,7.260
2001-10-11,7.850
2001-10-12,8.070
2001-10-15,8.880
2001-10-16,9.560
2001-10-17,8.920
2001-10-18,8.470
2001-10-19,8.010
2001-10-22,8.770
2001-10-23,9.550
2001-10-24,7.640
2001-10-25,7.770
2001-10-26,7.560
2001-10-29,7.050
2001-10-30,6.420
2001-10-31,6.980
2001-11-01,6.950
2001-11-02,6.710
2001-11-05,6.990
2001-11-06,7.050
2001-11-07,7.430
2001-11-08,6.970
2001-11-09,7.120
2001-11-12,7.050
2001-11-13,7.290
2001-11-14,9.490
2001-11-15,9.050
2001-11-16,8.950
2001-11-19,9.190
2001-11-20,8.600
2001-11-21,8.800
2001-11-23,9.080
2001-11-26,12.210
2001-11-27,11.480
2001-11-28,11.590
2001-11-29,11.150
2001-11-30,11.320
2001-12-03,10.490
2001-12-04,11.930
2001-12-05,11.760
2001-12-06,12.100
2001-12-07,11.710
2001-12-10,11.650
2001-12-11,12.240
2001-12-12,11.910
2001-12-13,10.890
2001-12-14,11.000
2001-12-17,10.810
2001-12-18,10.860
2001-12-19,10.710
2001-12-20,10.150
2001-12-21,10.000
2001-12-24,9.830
2001-12-26,11.100
2001-12-27,10.600
2001-12-28,10.900
2001-12-31,10.820
2002-01-02,10.960
2002-01-03,11.900
2002-01-04,12.250
2002-01-07,12.340
2002-01-08,11.850
2002-01-09,11.530
2002-01-10,11.040
2002-01-11,11.030
2002-01-14,10.110
2002-01-15,10.290
2002-01-16,9.130
2002-01-17,9.740
2002-01-18,10.160
2002-01-22,12.600
2002-01-23,12.470
2002-01-24,14.010
2002-01-25,14.440
2002-01-28,15.500
2002-01-29,14.220
2002-01-30,13.900
2002-01-31,14.190
2002-02-01,13.730
2002-02-04,12.530
2002-02-05,11.500
2002-02-06,11.260
2002-02-07,11.240
2002-02-08,12.520
2002-02-11,13.300
2002-02-12,12.900
2002-02-13,13.290
2002-02-14,13.880
2002-02-15,13.410
2002-02-19,13.010
2002-02-20,12.960
2002-02-21,13.260
2002-02-22,13.070
2002-02-25,13.730
2002-02-26,14.400
2002-02-27,14.270
2002-02-28,14.100
2002-03-01,15.390
2002-03-04,16.480
2002-03-05,15.970
2002-03-06,16.330
2002-03-07,15.620
2002-03-08,16.350
2002-03-11,16.710
2002-03-12,16.310
2002-03-13,15.740
2002-03-14,14.480
2002-03-15,14.030
2002-03-18,15.010
2002-03-19,14.660
2002-03-20,14.500
2002-03-21,15.170
2002-03-22,15.530
2002-03-25,14.740
2002-03-26,14.830
2002-03-27,14.250
2002-03-28,14.300
2002-04-01,14.800
2002-04-02,14.250
2002-04-03,13.670
2002-04-04,13.540
2002-04-05,13.500
2002-04-08,13.950
2002-04-09,13.600
2002-04-10,13.480
2002-04-11,12.740
2002-04-12,13.310
2002-04-15,13.890
2002-04-16,14.010
2002-04-17,14.820
2002-04-18,14.260
2002-04-19,14.530
2002-04-22,14.310
2002-04-23,14.060
2002-04-24,16.790
2002-04-25,16.820
2002-04-26,16.910
2002-04-29,16.180
2002-04-30,16.690
2002-05-01,16.490
2002-05-02,16.320
2002-05-03,16.050
2002-05-06,16.120
2002-05-07,16.110
2002-05-08,17.320
2002-05-09,17.730
2002-05-10,16.940
2002-05-13,17.320
2002-05-14,18.810
2002-05-15,19.940
2002-05-16,19.610
2002-05-17,19.160
2002-05-20,19.390
2002-05-21,18.760
2002-05-22,18.750
2002-05-23,19.450
2002-05-24,19.470
2002-05-28,19.060
2002-05-29,18.910
2002-05-30,18.370
2002-05-31,18.230
2002-06-03,17.960
2002-06-04,17.970
2002-06-05,17.990
2002-06-06,18.170
2002-06-07,18.580
2002-06-10,17.300
2002-06-11,17.140
2002-06-12,17.080
2002-06-13,17.430
2002-06-14,16.820
2002-06-17,18.410
2002-06-18,18.780
2002-06-19,18.300
2002-06-20,17.550
2002-06-21,17.530
2002-06-24,17.510
2002-06-25,15.340
2002-06-26,15.850
2002-06-27,15.860
2002-06-28,16.250
2002-07-01,13.550
2002-07-02,13.320
2002-07-03,14.250
2002-07-05,15.210
2002-07-08,14.940
2002-07-09,15.600
2002-07-10,14.960
2002-07-11,15.550
2002-07-12,15.430
2002-07-15,15.940
2002-07-16,16.290
2002-07-17,16.160
2002-07-18,15.550
2002-07-19,15.290
2002-07-22,15.500
2002-07-23,14.550
2002-07-24,14.100
2002-07-25,12.490
2002-07-26,12.930
2002-07-29,14.330
2002-07-30,14.770
2002-07-31,14.450
2002-08-01,14.160
2002-08-02,13.840
2002-08-05,12.870
2002-08-06,13.740
2002-08-07,13.600
2002-08-08,13.900
2002-08-09,14.260
2002-08-12,14.460
2002-08-13,13.930
2002-08-14,13.910
2002-08-15,14.620
2002-08-16,14.900
2002-08-19,15.500
2002-08-20,15.980
2002-08-21,15.380
2002-08-22,15.730
2002-08-23,15.170
2002-08-26,14.930
2002-08-27,14.520
2002-08-28,14.570
2002-08-29,15.140
2002-08-30,14.940
2002-09-03,14.600
2002-09-04,14.830
2002-09-05,14.250
2002-09-06,15.310
2002-09-09,16.510
2002-09-10,17.130
2002-09-11,17.110
2002-09-12,16.750
2002-09-13,16.610
2002-09-16,16.710
2002-09-17,17.350
2002-09-18,17.730
2002-09-19,17.210
2002-09-20,15.860
2002-09-23,16.050
2002-09-24,15.930
2002-09-25,15.730
2002-09-26,17.150
2002-09-27,17.010
2002-09-30,15.930
2002-10-01,16.950
2002-10-02,17.010
2002-10-03,16.750
2002-10-04,16.550
2002-10-07,16.640
2002-10-08,16.940
2002-10-09,16.860
2002-10-10,17.960
2002-10-11,18.460
2002-10-14,19.200
2002-10-15,18.940
2002-10-16,19.490
2002-10-17,18.740
2002-10-18,19.040
2002-10-21,19.260
2002-10-22,19.380
2002-10-23,19.750
2002-10-24,19.860
2002-10-25,19.300
2002-10-28,18.590
2002-10-29,18.570
2002-10-30,19.080
2002-10-31,19.360
2002-11-01,19.800
2002-11-04,18.780
2002-11-05,18.720
2002-11-06,19.340
2002-11-07,19.120
2002-11-08,19.510
2002-11-11,19.000
2002-11-12,19.820
2002-11-13,20.410
2002-11-14,21.210
2002-11-15,22.210
2002-11-18,22.420
2002-11-19,21.290
2002-11-20,22.900
2002-11-21,23.400
2002-11-22,23.990
2002-11-25,24.250
2002-11-26,23.400
2002-11-27,24.080
2002-11-29,23.350
2002-12-02,24.110
2002-12-03,23.740
2002-12-04,23.390
2002-12-05,22.580
2002-12-06,22.610
2002-12-09,21.680
2002-12-10,21.860
2002-12-11,22.130
2002-12-12,22.300
2002-12-13,22.180
2002-12-16,22.510
2002-12-17,22.460
2002-12-18,22.100
2002-12-19,21.690
2002-12-20,21.930
2002-12-23,22.240
2002-12-24,21.880
2002-12-26,20.300
2002-12-27,18.860
2002-12-30,19.250
2002-12-31,18.890
2003-01-02,19.570
2003-01-03,20.520
2003-01-06,20.700
2003-01-07,21.550
2003-01-08,21.020
2003-01-09,21.450
2003-01-10,21.320
2003-01-13,22.040
2003-01-14,22.740
2003-01-15,22.270
2003-01-16,21.800
2003-01-17,21.400
2003-01-21,21.080
2003-01-22,21.170
2003-01-23,21.790
2003-01-24,22.110
2003-01-27,21.780
2003-01-28,21.620
2003-01-29,22.080
2003-01-30,21.820
2003-01-31,21.850
2003-02-03,22.160
2003-02-04,22.050
2003-02-05,22.170
2003-02-06,22.090
2003-02-07,21.440
2003-02-10,21.400
2003-02-11,20.780
2003-02-12,21.130
2003-02-13,20.060
2003-02-14,20.060
2003-02-18,21.390
2003-02-19,21.190
2003-02-20,21.360
2003-02-21,21.780
2003-02-24,21.780
2003-02-25,21.880
2003-02-26,21.640
2003-02-27,21.620
2003-02-28,22.010
2003-03-03,21.810
2003-03-04,22.270
2003-03-05,22.420
2003-03-06,22.690
2003-03-07,22.970
2003-03-10,22.880
2003-03-11,22.780
2003-03-12,23.360
2003-03-13,24.420
2003-03-14,24.710
2003-03-17,26.550
2003-03-18,26.780
2003-03-19,26.540
2003-03-20,27.450
2003-03-21,27.930
2003-03-24,26.230
2003-03-25,26.900
2003-03-26,27.760
2003-03-27,27.770
2003-03-28,27.180
2003-03-31,26.030
2003-04-01,25.540
2003-04-02,26.380
2003-04-03,26.650
2003-04-04,26.220
2003-04-07,26.820
2003-04-08,26.520
2003-04-09,25.060
2003-04-10,25.670
2003-04-11,25.750
2003-04-14,25.050
2003-04-15,25.130
2003-04-16,24.380
2003-04-17,24.990
2003-04-21,25.250
2003-04-22,25.580
2003-04-23,25.430
2003-04-24,25.120
2003-04-25,28.970
2003-04-28,29.110
2003-04-29,28.890
2003-04-30,28.690
2003-05-01,28.660
2003-05-02,29.430
2003-05-05,29.960
2003-05-06,30.880
2003-05-07,30.700
2003-05-08,30.450
2003-05-09,30.960
2003-05-12,31.700
2003-05-13,32.950
2003-05-14,32.600
2003-05-15,32.630
2003-05-16,33.050
2003-05-19,31.560
2003-05-20,31.480
2003-05-21,31.750
2003-05-22,33.000
2003-05-23,32.720
2003-05-27,34.850
2003-05-28,34.860
2003-05-29,35.550
2003-05-30,35.890
2003-06-02,35.400
2003-06-03,35.230
2003-06-04,35.390
2003-06-05,35.520
2003-06-06,33.350
2003-06-09,33.680
2003-06-10,34.070
2003-06-11,34.650
2003-06-12,35.200
2003-06-13,34.130
2003-06-16,35.840
2003-06-17,35.840
2003-06-18,35.850
2003-06-19,35.500
2003-06-20,35.040
2003-06-23,35.580
2003-06-24,35.400
2003-06-25,35.390
2003-06-26,36.720
2003-06-27,36.300
2003-06-30,36.320
2003-07-01,37.250
2003-07-02,37.850
2003-07-03,37.920
2003-07-07,39.050
2003-07-08,40.510
2003-07-09,40.500
2003-07-10,38.250
2003-07-11,37.650
2003-07-14,39.270
2003-07-15,38.430
2003-07-16,37.680
2003-07-17,36.320
2003-07-18,34.980
2003-07-21,35.330
2003-07-22,34.870
2003-07-23,40.110
2003-07-24,41.310
2003-07-25,41.600
2003-07-28,42.080
2003-07-29,41.390
2003-07-30,40.660
2003-07-31,41.640
2003-08-01,40.030
2003-08-04,39.650
2003-08-05,38.670
2003-08-06,38.940
2003-08-07,39.010
2003-08-08,39.150
2003-08-11,38.930
2003-08-12,39.850
2003-08-13,40.210
2003-08-14,40.300
2003-08-15,40.100
2003-08-18,43.020
2003-08-19,43.570
2003-08-20,43.760
2003-08-21,45.700
2003-08-22,45.220
2003-08-25,45.850
2003-08-26,45.930
2003-08-27,45.880
2003-08-28,45.940
2003-08-29,46.320
2003-09-02,47.330
2003-09-03,46.190
2003-09-04,47.290
2003-09-05,46.520
2003-09-08,47.280
2003-09-09,46.680
2003-09-10,46.220
2003-09-11,45.190
2003-09-12,45.680
2003-09-15,45.510
2003-09-16,46.240
2003-09-17,46.160
2003-09-18,47.890
2003-09-19,47.580
2003-09-22,47.470
2003-09-23,50.440
2003-09-24,49.610
2003-09-25,50.050
2003-09-26,48.560
2003-09-29,49.860
2003-09-30,48.430
2003-10-01,49.120
2003-10-02,50.090
2003-10-03,52.890
2003-10-06,54.150
2003-10-07,54.910
2003-10-08,55.700
2003-10-09,57.860
2003-10-10,58.060
2003-10-13,58.300
2003-10-14,59.910
2003-10-15,58.550
2003-10-16,59.910
2003-10-17,59.690
2003-10-20,59.590
2003-10-21,59.350
2003-10-22,54.030
2003-10-23,54.320
2003-10-24,54.510
2003-10-27,54.820
2003-10-28,56.730
2003-10-29,56.690
2003-10-30,55.830
2003-10-31,54.430
2003-11-03,56.740
2003-11-04,56.860
2003-11-05,56.740
2003-11-06,54.990
2003-11-07,54.310
2003-11-10,51.980
2003-11-11,52.230
2003-11-12,54.130
2003-11-13,54.800
2003-11-14,52.450
2003-11-17,50.360
2003-11-18,48.500
2003-11-19,49.530
2003-11-20,48.850
2003-11-21,48.580
2003-11-24,51.330
2003-11-25,52.470
2003-11-26,52.960
2003-11-28,53.970
2003-12-01,54.650
2003-12-02,53.930
2003-12-03,51.510
2003-12-04,51.800
2003-12-05,51.560
2003-12-08,51.080
2003-12-09,49.340
2003-12-10,49.200
2003-12-11,50.800
2003-12-12,50.990
2003-12-15,50.410
2003-12-16,49.500
2003-12-17,47.580
2003-12-18,48.750
2003-12-19,49.240
2003-12-22,49.890
2003-12-23,52.480
2003-12-24,53.320
2003-12-26,53.470
2003-12-29,53.470
2003-12-30,52.830
2003-12-31,52.620
2004-01-02,51.900
2004-01-05,53.270
2004-01-06,53.030
2004-01-07,51.900
2004-01-08,50.240
2004-01-09,51.590
2004-01-12,52.950
2004-01-13,54.910
2004-01-14,55.800
2004-01-15,56.180
2004-01-16,55.720
2004-01-20,56.610
2004-01-21,56.200
2004-01-22,57.180
2004-01-23,57.110
2004-01-26,57.030
2004-01-27,55.740
2004-01-28,51.960
2004-01-29,49.220
2004-01-30,50.400
2004-02-02,48.270
2004-02-03,44.940
2004-02-04,45.390
2004-02-05,46.040
2004-02-06,46.350
2004-02-09,45.860
2004-02-10,45.590
2004-02-11,47.140
2004-02-12,47.060
2004-02-13,46.380
2004-02-17,45.530
2004-02-18,44.870
2004-02-19,44.650
2004-02-20,45.170
2004-02-23,43.970
2004-02-24,42.320
2004-02-25,42.940
2004-02-26,43.650
2004-02-27,43.010
2004-03-01,42.970
2004-03-02,42.010
2004-03-03,43.170
2004-03-04,44.390
2004-03-05,44.090
2004-03-08,43.500
2004-03-09,42.710
2004-03-10,41.550
2004-03-11,41.280
2004-03-12,42.440
2004-03-15,41.080
2004-03-16,42.130
2004-03-17,42.800
2004-03-18,43.010
2004-03-19,42.800
2004-03-22,40.850
2004-03-23,40.230
2004-03-24,39.630
2004-03-25,41.990
2004-03-26,41.700
2004-03-29,42.760
2004-03-30,43.800
2004-03-31,43.280
2004-04-01,44.740
2004-04-02,46.090
2004-04-05,46.960
2004-04-06,46.440
2004-04-07,45.850
2004-04-08,48.100
2004-04-12,47.960
2004-04-13,46.580
2004-04-14,46.790
2004-04-15,46.990
2004-04-16,45.500
2004-04-19,47.110
2004-04-20,45.200
2004-04-21,45.720
2004-04-22,48.860
2004-04-23,46.290
2004-04-26,47.250
2004-04-27,48.000
2004-04-28,46.970
2004-04-29,46.190
2004-04-30,43.600
2004-05-03,44.410
2004-05-04,43.950
2004-05-05,44.260
2004-05-06,43.140
2004-05-07,41.900
2004-05-10,41.260
2004-05-11,42.700
2004-05-12,43.020
2004-05-13,43.610
2004-05-14,43.050
2004-05-17,42.080
2004-05-18,41.990
2004-05-19,41.690
2004-05-20,40.980
2004-05-21,41.170
2004-05-24,41.630
2004-05-25,43.620
2004-05-26,44.690
2004-05-27,47.620
2004-05-28,48.500
2004-06-01,50.230
2004-06-02,50.350
2004-06-03,49.400
2004-06-04,50.950
2004-06-07,51.760
2004-06-08,51.940
2004-06-09,50.240
2004-06-10,49.940
2004-06-14,49.250
2004-06-15,50.110
2004-06-16,50.570
2004-06-17,49.770
2004-06-18,49.600
2004-06-21,49.770
2004-06-22,49.000
2004-06-23,50.810
2004-06-24,51.020
2004-06-25,51.800
2004-06-28,53.390
2004-06-29,53.710
2004-06-30,54.400
2004-07-01,52.560
2004-07-02,52.590
2004-07-06,51.240
2004-07-07,51.000
2004-07-08,49.500
2004-07-09,48.320
2004-07-12,49.050
2004-07-13,49.600
2004-07-14,49.500
2004-07-15,48.670
2004-07-16,47.100
2004-07-19,46.020
2004-07-20,46.990
2004-07-21,44.760
2004-07-22,45.820
2004-07-23,39.980
2004-07-26,38.780
2004-07-27,39.110
2004-07-28,37.970
2004-07-29,38.580
2004-07-30,38.920
2004-08-02,38.300
2004-08-03,37.610
2004-08-04,37.120
2004-08-05,35.610
2004-08-06,35.490
2004-08-09,35.320
2004-08-10,37.100
2004-08-11,36.560
2004-08-12,36.290
2004-08-13,36.130
2004-08-16,37.950
2004-08-17,38.230
2004-08-18,39.360
2004-08-19,38.630
2004-08-20,39.510
2004-08-23,39.450
2004-08-24,39.050
2004-08-25,40.300
2004-08-26,40.190
2004-08-27,39.900
2004-08-30,38.310
2004-08-31,38.140
2004-09-01,38.240
2004-09-02,39.180
2004-09-03,38.740
2004-09-07,38.510
2004-09-08,38.010
2004-09-09,38.070
2004-09-10,38.570
2004-09-13,40.010
2004-09-14,42.670
2004-09-15,42.210
2004-09-16,42.570
2004-09-17,42.960
2004-09-20,43.270
2004-09-21,43.290
2004-09-22,41.380
2004-09-23,41.830
2004-09-24,40.940
2004-09-27,39.930
2004-09-28,39.430
2004-09-29,40.840
2004-09-30,40.860
2004-10-01,40.470
2004-10-04,41.010
2004-10-05,40.960
2004-10-06,41.360
2004-10-07,41.150
2004-10-08,40.000
2004-10-11,40.150
2004-10-12,40.220
2004-10-13,39.980
2004-10-14,39.100
2004-10-15,38.550
2004-10-18,39.270
2004-10-19,38.330
2004-10-20,38.350
2004-10-21,39.470
2004-10-22,34.600
2004-10-25,33.970
2004-10-26,33.830
2004-10-27,34.230
2004-10-28,34.450
2004-10-29,34.130
2004-11-01,35.100
2004-11-02,36.240
2004-11-03,35.920
2004-11-04,36.910
2004-11-05,36.560
2004-11-08,37.320
2004-11-09,37.400
2004-11-10,38.090
2004-11-11,38.830
2004-11-12,40.460
2004-11-15,40.890
2004-11-16,40.070
2004-11-17,39.900
2004-11-18,40.370
2004-11-19,38.550
2004-11-22,38.050
2004-11-23,38.310
2004-11-24,38.750
2004-11-26,39.090
2004-11-29,38.940
2004-11-30,39.680
2004-12-01,39.980
2004-12-02,40.170
2004-12-03,40.090
2004-12-06,39.490
2004-12-07,38.200
2004-12-08,38.720
2004-12-09,39.820
2004-12-10,39.050
2004-12-13,39.830
2004-12-14,40.440
2004-12-15,41.000
2004-12-16,40.050
2004-12-17,40.010
2004-12-20,38.950
2004-12-21,39.390
2004-12-22,39.520
2004-12-23,38.930
2004-12-27,42.250
2004-12-28,44.630
2004-12-29,44.820
2004-12-30,44.970
2004-12-31,44.290
2005-01-03,44.520
2005-01-04,42.140
2005-01-05,41.770
2005-01-06,41.050
2005-01-07,42.320
2005-01-10,41.840
2005-01-11,41.640
2005-01-12,42.300
2005-01-13,42.600
2005-01-14,44.550
2005-01-18,44.580
2005-01-19,43.960
2005-01-20,42.360
2005-01-21,41.160
2005-01-24,40.380
2005-01-25,40.940
2005-01-26,41.340
2005-01-27,42.310
2005-01-28,42.220
2005-01-31,43.220
2005-02-01,42.480
2005-02-02,41.880
2005-02-03,35.750
2005-02-04,35.720
2005-02-07,35.690
2005-02-08,36.300
2005-02-09,35.890
2005-02-10,35.780
2005-02-11,35.780
2005-02-14,36.030
2005-02-15,36.140
2005-02-16,35.660
2005-02-17,35.690
2005-02-18,35.310
2005-02-22,34.720
2005-02-23,34.140
2005-02-24,34.690
2005-02-25,34.990
2005-02-28,35.180
2005-03-01,35.390
2005-03-02,35.500
2005-03-03,35.650
2005-03-04,35.850
2005-03-07,36.320
2005-03-08,35.830
2005-03-09,35.400
2005-03-10,34.910
2005-03-11,34.750
2005-03-14,34.600
2005-03-15,34.180
2005-03-16,33.870
2005-03-17,33.970
2005-03-18,34.160
2005-03-21,33.670
2005-03-22,33.150
2005-03-23,33.180
2005-03-24,32.880
2005-03-28,33.390
2005-03-29,33.430
2005-03-30,34.320
2005-03-31,34.270
2005-04-01,34.010
2005-04-04,35.000
2005-04-05,35.280
2005-04-06,34.820
2005-04-07,34.900
2005-04-08,34.600
2005-04-11,34.600
2005-04-12,34.630
2005-04-13,34.300
2005-04-14,33.970
2005-04-15,33.020
2005-04-18,33.000
2005-04-19,32.780
2005-04-20,33.250
2005-04-21,33.730
2005-04-22,33.040
2005-04-25,33.530
2005-04-26,32.710
2005-04-27,31.720
2005-04-28,32.520
2005-04-29,32.360
2005-05-02,33.100
2005-05-03,33.210
2005-05-04,33.960
2005-05-05,33.960
2005-05-06,34.520
2005-05-09,34.640
2005-05-10,34.230
2005-05-11,33.820
2005-05-12,33.850
2005-05-13,33.900
2005-05-16,34.540
2005-05-17,34.730
2005-05-18,35.330
2005-05-19,35.590
2005-05-20,35.500
2005-05-23,35.680
2005-05-24,35.540
2005-05-25,35.250
2005-05-26,35.450
2005-05-27,35.500
2005-05-31,35.510
2005-06-01,36.500
2005-06-02,36.410
2005-06-03,35.590
2005-06-06,35.770
2005-06-07,35.350
2005-06-08,34.830
2005-06-09,35.200
2005-06-10,34.950
2005-06-13,34.870
2005-06-14,35.040
2005-06-15,35.240
2005-06-16,35.580
2005-06-17,35.310
2005-06-20,35.690
2005-06-21,35.380
2005-06-22,35.220
2005-06-23,35.430
2005-06-24,35.020
2005-06-27,34.500
2005-06-28,33.710
2005-06-29,33.350
2005-06-30,33.090
2005-07-01,32.910
2005-07-05,34.080
2005-07-06,34.060
2005-07-07,33.960
2005-07-08,34.740
2005-07-11,35.590
2005-07-12,36.310
2005-07-13,36.510
2005-07-14,37.190
2005-07-15,37.150
2005-07-18,37.190
2005-07-19,38.170
2005-07-20,38.170
2005-07-21,37.950
2005-07-22,37.950
2005-07-25,37.950
2005-07-26,37.740
2005-07-27,43.650
2005-07-28,45.680
2005-07-29,45.150
2005-08-01,44.930
2005-08-02,46.510
2005-08-03,46.110
2005-08-04,45.460
2005-08-05,45.270
2005-08-08,45.660
2005-08-09,45.930
2005-08-10,44.760
2005-08-11,45.210
2005-08-12,44.200
2005-08-15,45.040
2005-08-16,44.270
2005-08-17,44.120
2005-08-18,43.730
2005-08-19,43.720
2005-08-22,43.770
2005-08-23,43.420
2005-08-24,42.370
2005-08-25,42.310
2005-08-26,42.370
2005-08-29,42.790
2005-08-30,42.490
2005-08-31,42.700
2005-09-01,41.840
2005-09-02,41.510
2005-09-06,43.620
2005-09-07,43.730
2005-09-08,42.960
2005-09-09,42.950
2005-09-12,44.500
2005-09-13,43.930
2005-09-14,43.100
2005-09-15,42.710
2005-09-16,42.800
2005-09-19,42.750
2005-09-20,41.870
2005-09-21,41.250
2005-09-22,42.080
2005-09-23,42.190
2005-09-26,43.340
2005-09-27,43.160
2005-09-28,43.370
2005-09-29,44.790
2005-09-30,45.300
2005-10-03,46.010
2005-10-04,44.930
2005-10-05,44.490
2005-10-06,44.010
2005-10-07,43.720
2005-10-10,43.760
2005-10-11,43.400
2005-10-12,42.550
2005-10-13,42.620
2005-10-14,43.790
2005-10-17,45.020
2005-10-18,44.650
2005-10-19,45.860
2005-10-20,45.010
2005-10-21,45.950
2005-10-24,46.930
2005-10-25,46.170
2005-10-26,39.750
2005-10-27,39.060
2005-10-28,38.950
2005-10-31,39.860
2005-11-01,40.370
2005-11-02,40.750
2005-11-03,41.560
2005-11-04,41.090
2005-11-07,41.390
2005-11-08,41.950
2005-11-09,41.400
2005-11-10,42.180
2005-11-11,42.680
2005-11-14,42.530
2005-11-15,44.450
2005-11-16,45.300
2005-11-17,46.740
2005-11-18,47.980
2005-11-21,47.990
2005-11-22,48.850
2005-11-23,48.240
2005-11-25,48.060
2005-11-28,48.350
2005-11-29,48.550
2005-11-30,48.460
2005-12-01,49.000
2005-12-02,49.060
2005-12-05,48.830
2005-12-06,49.260
2005-12-07,48.830
2005-12-08,48.350
2005-12-09,48.740
2005-12-12,49.070
2005-12-13,49.500
2005-12-14,49.410
2005-12-15,49.480
2005-12-16,49.210
2005-12-19,48.370
2005-12-20,48.140
2005-12-21,48.970
2005-12-22,49.220
2005-12-23,49.220
2005-12-27,48.560
2005-12-28,48.060
2005-12-29,47.990
2005-12-30,47.150
2006-01-03,47.580
2006-01-04,47.250
2006-01-05,47.650
2006-01-06,47.870
2006-01-09,47.080
2006-01-10,45.650
2006-01-11,44.930
2006-01-12,44.360
2006-01-13,44.400
2006-01-17,44.000
2006-01-18,44.320
2006-01-19,44.450
2006-01-20,43.920
2006-01-23,43.730
2006-01-24,44.020
2006-01-25,43.600
2006-01-26,44.680
2006-01-27,45.220
2006-01-30,44.960
2006-01-31,44.820
2006-02-01,43.980
2006-02-02,42.740
2006-02-03,38.330
2006-02-06,37.950
2006-02-07,37.520
2006-02-08,38.170
2006-02-09,37.990
2006-02-10,38.520
2006-02-13,37.860
2006-02-14,38.250
2006-02-15,39.260
2006-02-16,39.150
2006-02-17,39.190
2006-02-21,38.290
2006-02-22,38.720
2006-02-23,37.900
2006-02-24,38.350
2006-02-27,38.010
2006-02-28,37.440
2006-03-01,37.120
2006-03-02,36.880
2006-03-03,37.210
2006-03-06,36.860
2006-03-07,36.930
2006-03-08,36.810
2006-03-09,36.120
2006-03-10,36.220
2006-03-13,36.190
2006-03-14,36.910
2006-03-15,36.890
2006-03-16,36.770
2006-03-17,35.990
2006-03-20,36.230
2006-03-21,35.920
2006-03-22,36.000
2006-03-23,35.680
2006-03-24,35.470
2006-03-27,35.250
2006-03-28,35.690
2006-03-29,36.320
2006-03-30,36.670
2006-03-31,36.530
2006-04-03,36.140
2006-04-04,36.770
2006-04-05,37.340
2006-04-06,38.510
2006-04-07,37.090
2006-04-10,36.610
2006-04-11,36.060
2006-04-12,36.130
2006-04-13,36.620
2006-04-17,35.270
2006-04-18,36.280
2006-04-19,36.890
2006-04-20,36.340
2006-04-21,36.030
2006-04-24,35.790
2006-04-25,35.550
2006-04-26,35.790
2006-04-27,35.740
2006-04-28,35.210
2006-05-01,34.590
2006-05-02,34.380
2006-05-03,33.960
2006-05-04,34.470
2006-05-05,35.040
2006-05-08,34.690
2006-05-09,34.840
2006-05-10,34.160
2006-05-11,33.530
2006-05-12,32.730
2006-05-15,32.780
2006-05-16,32.760
2006-05-17,31.610
2006-05-18,32.610
2006-05-19,33.940
2006-05-22,34.830
2006-05-23,33.760
2006-05-24,35.190
2006-05-25,35.630
2006-05-26,36.070
2006-05-30,34.640
2006-05-31,34.610
2006-06-01,35.070
2006-06-02,34.760
2006-06-05,33.490
2006-06-06,33.410
2006-06-07,33.770
2006-06-08,33.550
2006-06-09,33.780
2006-06-12,33.600
2006-06-13,33.470
2006-06-14,33.680
2006-06-15,34.960
2006-06-16,35.090
2006-06-19,35.070
2006-06-20,35.480
2006-06-21,36.650
2006-06-22,36.370
2006-06-23,36.550
2006-06-26,36.770
2006-06-27,36.480
2006-06-28,36.700
2006-06-29,38.520
2006-06-30,38.680
2006-07-03,38.610
2006-07-05,37.110
2006-07-06,36.800
2006-07-07,36.110
2006-07-10,35.790
2006-07-11,35.660
2006-07-12,34.630
2006-07-13,33.730
2006-07-14,32.920
2006-07-17,33.670
2006-07-18,33.490
2006-07-19,34.480
2006-07-20,34.180
2006-07-21,33.190
2006-07-24,34.310
2006-07-25,33.590
2006-07-26,26.260
2006-07-27,26.560
2006-07-28,27.170
2006-07-31,26.890
2006-08-01,26.320
2006-08-02,26.090
2006-08-03,26.690
2006-08-04,27.290
2006-08-07,26.780
2006-08-08,26.360
2006-08-09,26.210
2006-08-10,26.490
2006-08-11,26.070
2006-08-14,26.530
2006-08-15,27.770
2006-08-16,27.950
2006-08-17,29.090
2006-08-18,29.120
2006-08-21,28.130
2006-08-22,28.370
2006-08-23,28.140
2006-08-24,27.970
2006-08-25,28.030
2006-08-28,28.910
2006-08-29,29.520
2006-08-30,30.670
2006-08-31,30.830
2006-09-01,31.760
2006-09-05,32.230
2006-09-06,30.800
2006-09-07,29.730
2006-09-08,30.510
2006-09-11,30.790
2006-09-12,31.720
2006-09-13,31.670
2006-09-14,31.650
2006-09-15,32.520
2006-09-18,32.080
2006-09-19,31.580
2006-09-20,32.120
2006-09-21,30.220
2006-09-22,30.840
2006-09-25,31.790
2006-09-26,32.500
2006-09-27,32.330
2006-09-28,31.840
2006-09-29,32.120
2006-10-02,30.870
2006-10-03,31.700
2006-10-04,32.760
2006-10-05,33.320
2006-10-06,32.590
2006-10-09,33.380
2006-10-10,32.620
2006-10-11,32.910
2006-10-12,33.550
2006-10-13,33.320
2006-10-16,32.600
2006-10-17,32.470
2006-10-18,32.310
2006-10-19,32.540
2006-10-20,32.570
2006-10-23,32.880
2006-10-24,33.630
2006-10-25,37.680
2006-10-26,38.300
2006-10-27,38.240
2006-10-30,38.150
2006-10-31,38.090
2006-11-01,37.560
2006-11-02,37.450
2006-11-03,37.460
2006-11-06,38.210
2006-11-07,38.770
2006-11-08,39.470
2006-11-09,38.840
2006-11-10,39.260
2006-11-13,39.990
2006-11-14,41.510
2006-11-15,42.600
2006-11-16,42.840
2006-11-17,42.550
2006-11-20,42.440
2006-11-21,42.540
2006-11-22,42.960
2006-11-24,42.410
2006-11-27,40.850
2006-11-28,40.920
2006-11-29,40.630
2006-11-30,40.340
2006-12-01,39.410
2006-12-04,39.100
2006-12-05,38.980
2006-12-06,38.900
2006-12-07,38.120
2006-12-08,38.460
2006-12-11,38.690
2006-12-12,38.460
2006-12-13,38.500
2006-12-14,39.020
2006-12-15,40.010
2006-12-18,39.260
2006-12-19,39.420
2006-12-20,40.010
2006-12-21,39.890
2006-12-22,40.240
2006-12-26,39.800
2006-12-27,40.290
2006-12-28,40.210
2006-12-29,39.460
2007-01-03,38.700
2007-01-04,38.900
2007-01-05,38.370
2007-01-08,37.500
2007-01-09,37.780
2007-01-10,37.150
2007-01-11,37.400
2007-01-12,38.200
2007-01-16,38.660
2007-01-17,37.880
2007-01-18,36.980
2007-01-19,37.020
2007-01-22,36.950
2007-01-23,36.430
2007-01-24,37.260
2007-01-25,37.080
2007-01-26,36.850
2007-01-29,37.430
2007-01-30,37.050
2007-01-31,37.670
2007-02-01,38.700
2007-02-02,37.390
2007-02-05,37.160
2007-02-06,38.270
2007-02-07,38.980
2007-02-08,39.100
2007-02-09,38.720
2007-02-12,38.850
2007-02-13,39.310
2007-02-14,40.140
2007-02-15,40.060
2007-02-16,40.330
2007-02-20,41.510
2007-02-21,41.260
2007-02-22,41.000
2007-02-23,40.780
2007-02-26,40.880
2007-02-27,38.830
2007-02-28,39.140
2007-03-01,38.850
2007-03-02,37.690
2007-03-05,37.050
2007-03-06,38.580
2007-03-07,38.360
2007-03-08,38.100
2007-03-09,38.840
2007-03-12,38.810
2007-03-13,37.820
2007-03-14,38.080
2007-03-15,37.780
2007-03-16,37.850
2007-03-19,38.450
2007-03-20,38.580
2007-03-21,39.800
2007-03-22,39.490
2007-03-23,38.980
2007-03-26,39.010
2007-03-27,39.370
2007-03-28,39.340
2007-03-29,39.810
2007-03-30,39.790
2007-04-02,40.420
2007-04-03,41.190
2007-04-04,41.530
2007-04-05,41.680
2007-04-09,41.660
2007-04-10,41.860
2007-04-11,41.680
2007-04-12,42.270
2007-04-13,42.410
2007-04-16,45.200
2007-04-17,45.070
2007-04-18,44.990
2007-04-19,44.640
2007-04-20,44.950
2007-04-23,44.770
2007-04-24,44.750
2007-04-25,56.810
2007-04-26,62.780
2007-04-27,62.600
2007-04-30,61.330
2007-05-01,62.040
2007-05-02,61.180
2007-05-03,62.190
2007-05-04,63.230
2007-05-07,60.820
2007-05-08,61.830
2007-05-09,62.850
2007-05-10,60.920
2007-05-11,61.560
2007-05-14,61.700
2007-05-15,60.580
2007-05-16,63.220
2007-05-17,62.170
2007-05-18,63.300
2007-05-21,68.300
2007-05-22,68.880
2007-05-23,69.000
2007-05-24,69.350
2007-05-25,68.550
2007-05-29,69.630
2007-05-30,69.860
2007-05-31,69.140
2007-06-01,68.580
2007-06-04,70.420
2007-06-05,73.650
2007-06-06,72.290
2007-06-07,72.040
2007-06-08,73.240
2007-06-11,71.170
2007-06-12,70.070
2007-06-13,70.890
2007-06-14,71.940
2007-06-15,72.400
2007-06-18,71.830
2007-06-19,69.810
2007-06-20,69.100
2007-06-21,69.670
2007-06-22,68.860
2007-06-25,68.660
2007-06-26,67.480
2007-06-27,68.140
2007-06-28,68.890
2007-06-29,68.410
2007-07-02,69.610
2007-07-03,69.450
2007-07-05,68.730
2007-07-06,68.970
2007-07-09,72.070
2007-07-10,70.280
2007-07-11,70.730
2007-07-12,72.790
2007-07-13,75.100
2007-07-16,73.690
2007-07-17,73.790
2007-07-18,73.320
2007-07-19,73.350
2007-07-20,71.630
2007-07-23,71.740
2007-07-24,69.250
2007-07-25,86.180
2007-07-26,84.010
2007-07-27,84.040
2007-07-30,82.700
2007-07-31,78.540
2007-08-01,77.310
2007-08-02,79.710
2007-08-03,76.800
2007-08-06,79.000
2007-08-07,79.140
2007-08-08,77.780
2007-08-09,74.110
2007-08-10,74.780
2007-08-13,74.870
2007-08-14,73.450
2007-08-15,72.380
2007-08-16,72.790
2007-08-17,75.020
2007-08-20,74.700
2007-08-21,77.490
2007-08-22,78.500
2007-08-23,77.300
2007-08-24,79.250
2007-08-27,78.650
2007-08-28,76.220
2007-08-29,79.050
2007-08-30,78.680
2007-08-31,79.910
2007-09-04,82.700
2007-09-05,83.750
2007-09-06,86.210
2007-09-07,84.520
2007-09-10,83.340
2007-09-11,86.280
2007-09-12,87.300
2007-09-13,87.260
2007-09-14,87.770
2007-09-17,86.910
2007-09-18,88.750
2007-09-19,89.000
2007-09-20,89.650
2007-09-21,91.300
2007-09-24,92.590
2007-09-25,93.480
2007-09-26,93.430
2007-09-27,93.380
2007-09-28,93.150
2007-10-01,93.410
2007-10-02,92.360
2007-10-03,92.460
2007-10-04,92.260
2007-10-05,93.430
2007-10-08,95.850
2007-10-09,95.320
2007-10-10,94.660
2007-10-11,89.340
2007-10-12,92.370
2007-10-15,90.530
2007-10-16,89.530
2007-10-17,90.550
2007-10-18,89.850
2007-10-19,89.760
2007-10-22,91.290
2007-10-23,100.820
2007-10-24,88.730
2007-10-25,88.210
2007-10-26,90.000
2007-10-29,90.100
2007-10-30,88.240
2007-10-31,89.150
2007-11-01,87.650
2007-11-02,85.980
2007-11-05,84.370
2007-11-06,87.270
2007-11-07,87.040
2007-11-08,83.580
2007-11-09,78.890
2007-11-12,77.000
2007-11-13,79.860
2007-11-14,78.510
2007-11-15,77.850
2007-11-16,78.600
2007-11-19,79.180
2007-11-20,80.390
2007-11-21,79.760
2007-11-23,81.430
2007-11-26,81.300
2007-11-27,85.590
2007-11-28,90.300
2007-11-29,89.150
2007-11-30,90.560
2007-12-03,90.910
2007-12-04,94.410
2007-12-05,93.190
2007-12-06,94.210
2007-12-07,94.310
2007-12-10,93.020
2007-12-11,90.750
2007-12-12,91.280
2007-12-13,92.400
2007-12-14,89.080
2007-12-17,85.090
2007-12-18,86.890
2007-12-19,89.380
2007-12-20,90.580
2007-12-21,91.260
2007-12-24,91.010
2007-12-26,92.850
2007-12-27,94.250
2007-12-28,94.450
2007-12-31,92.640
2008-01-02,96.250
2008-01-03,95.210
2008-01-04,88.790
2008-01-07,88.820
2008-01-08,87.880
2008-01-09,85.220
2008-01-10,84.260
2008-01-11,81.080
2008-01-14,82.870
2008-01-15,80.240
2008-01-16,80.350
2008-01-17,80.120
2008-01-18,79.760
2008-01-22,78.480
2008-01-23,73.970
2008-01-24,77.670
2008-01-25,77.600
2008-01-28,75.820
2008-01-29,73.950
2008-01-30,74.210
2008-01-31,77.700
2008-02-01,74.630
2008-02-04,73.950
2008-02-05,72.090
2008-02-06,68.490
2008-02-07,70.910
2008-02-08,73.500
2008-02-11,75.190
2008-02-12,74.450
2008-02-13,77.730
2008-02-14,75.800
2008-02-15,72.960
2008-02-19,72.080
2008-02-20,73.640
2008-02-21,69.900
2008-02-22,72.080
2008-02-25,73.270
2008-02-26,71.690
2008-02-27,70.870
2008-02-28,67.850
2008-02-29,64.470
2008-03-03,62.430
2008-03-04,65.340
2008-03-05,64.990
2008-03-06,62.740
2008-03-07,64.090
2008-03-10,63.470
2008-03-11,67.150
2008-03-12,66.510
2008-03-13,68.320
2008-03-14,68.220
2008-03-17,66.530
2008-03-18,71.700
2008-03-19,70.170
2008-03-20,73.190
2008-03-24,75.950
2008-03-25,75.170
2008-03-26,73.800
2008-03-27,70.800
2008-03-28,69.760
2008-03-31,71.300
2008-04-01,76.700
2008-04-02,77.370
2008-04-03,74.940
2008-04-04,76.870
2008-04-07,76.900
2008-04-08,77.300
2008-04-09,74.390
2008-04-10,74.830
2008-04-11,71.990
2008-04-14,72.610
2008-04-15,72.500
2008-04-16,74.590
2008-04-17,74.040
2008-04-18,80.100
2008-04-21,80.180
2008-04-22,79.600
2008-04-23,81.000
2008-04-24,77.690
2008-04-25,80.860
2008-04-28,81.970
2008-04-29,80.740
2008-04-30,78.630
2008-05-01,79.360
2008-05-02,77.310
2008-05-05,75.920
2008-05-06,75.710
2008-05-07,73.180
2008-05-08,72.790
2008-05-09,72.410
2008-05-12,74.530
2008-05-13,74.560
2008-05-14,74.200
2008-05-15,76.120
2008-05-16,76.460
2008-05-19,82.290
2008-05-20,80.720
2008-05-21,78.300
2008-05-22,79.260
2008-05-23,78.350
2008-05-27,80.620
2008-05-28,80.080
2008-05-29,80.350
2008-05-30,81.620
2008-06-02,80.230
2008-06-03,80.110
2008-06-04,81.500
2008-06-05,84.510
2008-06-06,80.630
2008-06-09,79.430
2008-06-10,79.620
2008-06-11,77.280
2008-06-12,76.150
2008-06-13,79.170
2008-06-16,81.700
2008-06-17,82.970
2008-06-18,82.520
2008-06-19,84.260
2008-06-20,81.100
2008-06-23,80.680
2008-06-24,79.640
2008-06-25,80.510
2008-06-26,76.300
2008-06-27,74.660
2008-06-30,73.330
2008-07-01,73.620
2008-07-02,71.440
2008-07-03,72.000
2008-07-07,72.490
2008-07-08,75.040
2008-07-09,70.610
2008-07-10,70.630
2008-07-11,68.540
2008-07-14,66.280
2008-07-15,67.030
2008-07-16,71.840
2008-07-17,72.110
2008-07-18,69.120
2008-07-21,68.480
2008-07-22,67.970
2008-07-23,70.540
2008-07-24,78.720
2008-07-25,78.310
2008-07-28,75.980
2008-07-29,78.210
2008-07-30,78.210
2008-07-31,76.340
2008-08-01,75.750
2008-08-04,75.710
2008-08-05,79.110
2008-08-06,78.090
2008-08-07,76.950
2008-08-08,80.510
2008-08-11,88.090
2008-08-12,87.250
2008-08-13,86.690
2008-08-14,88.030
2008-08-15,86.400
2008-08-18,83.110
2008-08-19,81.290
2008-08-20,82.130
2008-08-21,83.260
2008-08-22,85.260
2008-08-25,82.850
2008-08-26,81.760
2008-08-27,81.730
2008-08-28,83.420
2008-08-29,80.810
2008-09-02,81.410
2008-09-03,80.770
2008-09-04,78.030
2008-09-05,79.190
2008-09-08,81.160
2008-09-09,79.040
2008-09-10,76.740
2008-09-11,79.510
2008-09-12,78.300
2008-09-15,77.340
2008-09-16,78.730
2008-09-17,71.540
2008-09-18,76.500
2008-09-19,81.000
2008-09-22,74.930
2008-09-23,71.760
2008-09-24,69.960
2008-09-25,72.080
2008-09-26,70.700
2008-09-29,63.350
2008-09-30,72.760
2008-10-01,69.580
2008-10-02,67.360
2008-10-03,67.000
2008-10-06,65.230
2008-10-07,58.520
2008-10-08,61.020
2008-10-09,56.000
2008-10-10,56.250
2008-10-13,62.020
2008-10-14,55.860
2008-10-15,48.720
2008-10-16,50.290
2008-10-17,50.650
2008-10-20,52.970
2008-10-21,50.230
2008-10-22,49.990
2008-10-23,50.320
2008-10-24,48.960
2008-10-27,49.580
2008-10-28,56.040
2008-10-29,56.890
2008-10-30,56.710
2008-10-31,57.240
2008-11-03,55.770
2008-11-04,58.450
2008-11-05,51.980
2008-11-06,47.220
2008-11-07,49.210
2008-11-10,48.460
2008-11-11,46.300
2008-11-12,41.560
2008-11-13,44.930
2008-11-14,41.750
2008-11-17,39.690
2008-11-18,38.440
2008-11-19,35.840
2008-11-20,35.030
2008-11-21,37.870
2008-11-24,42.500
2008-11-25,42.190
2008-11-26,43.960
2008-11-28,42.700
2008-12-01,40.470
2008-12-02,41.190
2008-12-03,45.210
2008-12-04,47.320
2008-12-05,48.260
2008-12-08,51.410
2008-12-09,51.250
2008-12-10,49.700
2008-12-11,48.250
2008-12-12,51.250
2008-12-15,48.850
2008-12-16,52.630
2008-12-17,53.180
2008-12-18,52.080
2008-12-19,51.560
2008-12-22,49.840
2008-12-23,51.080
2008-12-24,51.440
2008-12-26,51.780
2008-12-29,49.400
2008-12-30,50.760
2008-12-31,51.280
2009-01-02,54.360
2009-01-05,54.060
2009-01-06,57.360
2009-01-07,56.200
2009-01-08,57.160
2009-01-09,55.510
2009-01-12,51.920
2009-01-13,51.450
2009-01-14,48.490
2009-01-15,51.440
2009-01-16,51.590
2009-01-20,48.440
2009-01-21,50.540
2009-01-22,49.940
2009-01-23,50.630
2009-01-26,49.630
2009-01-27,48.440
2009-01-28,50.360
2009-01-29,50.000
2009-01-30,58.820
2009-02-02,61.150
2009-02-03,63.590
2009-02-04,61.060
2009-02-05,63.180
2009-02-06,66.550
2009-02-09,66.710
2009-02-10,63.310
2009-02-11,64.350
2009-02-12,63.960
2009-02-13,63.260
2009-02-17,61.670
2009-02-18,62.350
2009-02-19,61.950
2009-02-20,63.860
2009-02-23,61.710
2009-02-24,65.600
2009-02-25,63.710
2009-02-26,62.340
2009-02-27,64.790
2009-03-02,61.990
2009-03-03,61.700
2009-03-04,64.810
2009-03-05,64.770
2009-03-06,61.690
2009-03-09,60.490
2009-03-10,65.710
2009-03-11,68.540
2009-03-12,69.580
2009-03-13,68.630
2009-03-16,66.980
2009-03-17,71.350
2009-03-18,71.250
2009-03-19,70.100
2009-03-20,69.960
2009-03-23,75.580
2009-03-24,72.810
2009-03-25,72.400
2009-03-26,73.690
2009-03-27,70.520
2009-03-30,71.440
2009-03-31,73.440
2009-04-01,73.500
2009-04-02,76.340
2009-04-03,78.170
2009-04-06,77.990
2009-04-07,75.510
2009-04-08,76.980
2009-04-09,79.770
2009-04-13,78.940
2009-04-14,77.220
2009-04-15,74.710
2009-04-16,77.250
2009-04-17,78.050
2009-04-20,77.570
2009-04-21,78.740
2009-04-22,79.200
2009-04-23,80.610
2009-04-24,84.460
2009-04-27,83.120
2009-04-28,82.400
2009-04-29,79.790
2009-04-30,80.520
2009-05-01,78.960
2009-05-04,79.770
2009-05-05,81.900
2009-05-06,81.990
2009-05-07,79.280
2009-05-08,77.950
2009-05-11,78.610
2009-05-12,77.930
2009-05-13,74.190
2009-05-14,75.110
2009-05-15,73.600
2009-05-18,75.950
2009-05-19,77.870
2009-05-20,77.970
2009-05-21,75.960
2009-05-22,75.640
2009-05-26,78.390
2009-05-27,77.100
2009-05-28,77.650
2009-05-29,77.990
2009-06-01,83.050
2009-06-02,84.930
2009-06-03,85.680
2009-06-04,85.520
2009-06-05,87.560
2009-06-08,86.360
2009-06-09,87.080
2009-06-10,86.590
2009-06-11,85.690
2009-06-12,84.080
2009-06-15,83.180
2009-06-16,82.150
2009-06-17,82.650
2009-06-18,81.600
2009-06-19,82.960
2009-06-22,79.150
2009-06-23,77.680
2009-06-24,79.270
2009-06-25,82.200
2009-06-26,83.880
2009-06-29,83.030
2009-06-30,83.660
2009-07-01,81.600
2009-07-02,79.320
2009-07-06,78.100
2009-07-07,75.630
2009-07-08,77.360
2009-07-09,78.100
2009-07-10,77.630
2009-07-13,81.470
2009-07-14,81.950
2009-07-15,84.550
2009-07-16,86.110
2009-07-17,85.850
2009-07-20,88.230
2009-07-21,89.010
2009-07-22,88.790
2009-07-23,93.870
2009-07-24,86.490
2009-07-27,84.240
2009-07-28,84.980
2009-07-29,84.340
2009-07-30,86.090
2009-07-31,85.760
2009-08-03,87.440
2009-08-04,85.800
2009-08-05,84.290
2009-08-06,84.470
2009-08-07,85.320
2009-08-10,84.440
2009-08-11,83.560
2009-08-12,85.960
2009-08-13,84.600
2009-08-14,83.580
2009-08-17,81.060
2009-08-18,82.120
2009-08-19,83.000
2009-08-20,84.090
2009-08-21,85.000
2009-08-24,84.500
2009-08-25,84.190
2009-08-26,84.000
2009-08-27,84.310
2009-08-28,82.760
2009-08-31,81.190
2009-09-01,79.160
2009-09-02,78.140
2009-09-03,78.460
2009-09-04,78.870
2009-09-08,80.900
2009-09-09,82.240
2009-09-10,83.850
2009-09-11,84.540
2009-09-14,83.860
2009-09-15,83.550
2009-09-16,90.700
2009-09-17,90.440
2009-09-18,90.280
2009-09-21,90.560
2009-09-22,93.750
2009-09-23,92.380
2009-09-24,92.110
2009-09-25,90.520
2009-09-28,92.210
2009-09-29,91.720
2009-09-30,93.360
2009-10-01,91.040
2009-10-02,89.850
2009-10-05,88.670
2009-10-06,90.910
2009-10-07,93.970
2009-10-08,95.220
2009-10-09,95.710
2009-10-12,93.600
2009-10-13,94.830
2009-10-14,97.460
2009-10-15,96.010
2009-10-16,95.320
2009-10-19,94.680
2009-10-20,94.980
2009-10-21,93.420
2009-10-22,93.450
2009-10-23,118.490
2009-10-26,124.640
2009-10-27,122.070
2009-10-28,121.640
2009-10-29,122.580
2009-10-30,118.810
2009-11-02,118.840
2009-11-03,118.370
2009-11-04,117.100
2009-11-05,120.610
2009-11-06,126.200
2009-11-09,126.670
2009-11-10,130.150
2009-11-11,129.910
2009-11-12,130.530
2009-11-13,132.970
2009-11-16,131.590
2009-11-17,131.250
2009-11-18,131.290
2009-11-19,128.990
2009-11-20,129.660
2009-11-23,133.000
2009-11-24,132.940
2009-11-25,134.030
2009-11-27,131.740
2009-11-30,135.910
2009-12-01,138.500
2009-12-02,142.250
2009-12-03,141.170
2009-12-04,137.580
2009-12-07,134.210
2009-12-08,134.110
2009-12-09,131.310
2009-12-10,135.380
2009-12-11,134.150
2009-12-14,131.380
2009-12-15,130.230
2009-12-16,128.360
2009-12-17,126.910
2009-12-18,128.480
2009-12-21,132.790
2009-12-22,133.750
2009-12-23,138.940
2009-12-24,138.470
2009-12-28,139.310
2009-12-29,139.410
2009-12-30,136.490
2009-12-31,134.520
2010-01-04,133.900
2010-01-05,134.690
2010-01-06,132.250
2010-01-07,130.000
2010-01-08,133.520
2010-01-11,130.310
2010-01-12,127.350
2010-01-13,129.110
2010-01-14,127.350
2010-01-15,127.140
2010-01-19,127.610
2010-01-20,125.780
2010-01-21,126.620
2010-01-22,121.430
2010-01-25,120.310
2010-01-26,119.480
2010-01-27,122.750
2010-01-28,126.030
2010-01-29,125.410
2010-02-01,118.870
2010-02-02,118.120
2010-02-03,119.100
2010-02-04,115.940
2010-02-05,117.390
2010-02-08,116.830
2010-02-09,118.030
2010-02-10,117.360
2010-02-11,120.090
2010-02-12,119.660
2010-02-16,117.530
2010-02-17,116.310
2010-02-18,118.080
2010-02-19,117.520
2010-02-22,118.010
2010-02-23,117.240
2010-02-24,119.720
2010-02-25,118.200
2010-02-26,118.400
2010-03-01,124.540
2010-03-02,125.530
2010-03-03,125.890
2010-03-04,128.530
2010-03-05,128.910
2010-03-08,130.110
2010-03-09,128.820
2010-03-10,130.510
2010-03-11,133.580
2010-03-12,131.820
2010-03-15,131.130
2010-03-16,131.790
2010-03-17,131.340
2010-03-18,132.760
2010-03-19,130.350
2010-03-22,130.470
2010-03-23,129.260
2010-03-24,128.040
2010-03-25,134.730
2010-03-26,135.060
2010-03-29,135.120
2010-03-30,136.580
2010-03-31,135.770
2010-04-01,131.810
2010-04-05,131.490
2010-04-06,135.560
2010-04-07,134.870
2010-04-08,140.960
2010-04-09,140.060
2010-04-12,141.200
2010-04-13,140.160
2010-04-14,144.280
2010-04-15,145.820
2010-04-16,142.170
2010-04-19,142.430
2010-04-20,144.200
2010-04-21,146.430
2010-04-22,150.090
2010-04-23,143.630
2010-04-26,147.110
2010-04-27,142.020
2010-04-28,139.350
2010-04-29,141.730
2010-04-30,137.100
2010-05-03,137.490
2010-05-04,129.830
2010-05-05,130.930
2010-05-06,128.710
2010-05-07,124.980
2010-05-10,131.290
2010-05-11,130.460
2010-05-12,133.870
2010-05-13,131.470
2010-05-14,128.530
2010-05-17,128.910
2010-05-18,126.280
2010-05-19,124.590
2010-05-20,119.710
2010-05-21,122.720
2010-05-24,122.120
2010-05-25,124.860
2010-05-26,123.210
2010-05-27,126.700
2010-05-28,125.460
2010-06-01,123.240
2010-06-02,126.310
2010-06-03,128.760
2010-06-04,122.770
2010-06-07,122.010
2010-06-08,118.840
2010-06-09,117.910
2010-06-10,123.210
2010-06-11,123.030
2010-06-14,123.830
2010-06-15,126.840
2010-06-16,126.900
2010-06-17,125.890
2010-06-18,125.830
2010-06-21,122.550
2010-06-22,122.310
2010-06-23,121.450
2010-06-24,118.330
2010-06-25,121.000
2010-06-28,117.800
2010-06-29,108.610
2010-06-30,109.260
2010-07-01,110.960
2010-07-02,109.140
2010-07-06,110.060
2010-07-07,113.430
2010-07-08,116.220
2010-07-09,117.260
2010-07-12,119.510
2010-07-13,123.650
2010-07-14,123.300
2010-07-15,122.060
2010-07-16,118.490
2010-07-19,119.940
2010-07-20,120.100
2010-07-21,117.430
2010-07-22,120.070
2010-07-23,118.870
2010-07-26,118.400
2010-07-27,117.130
2010-07-28,117.130
2010-07-29,116.860
2010-07-30,117.890
2010-08-02,120.070
2010-08-03,122.420
2010-08-04,127.580
2010-08-05,127.830
2010-08-06,128.320
2010-08-09,128.830
2010-08-10,130.000
2010-08-11,125.890
2010-08-12,126.560
2010-08-13,124.690
2010-08-16,126.070
2010-08-17,128.860
2010-08-18,129.650
2010-08-19,127.570
2010-08-20,127.760
2010-08-23,126.600
2010-08-24,124.530
2010-08-25,126.850
2010-08-26,124.860
2010-08-27,126.640
2010-08-30,123.790
2010-08-31,124.830
2010-09-01,132.490
2010-09-02,135.210
2010-09-03,138.790
2010-09-07,137.220
2010-09-08,139.140
2010-09-09,140.380
2010-09-10,142.440
2010-09-13,145.070
2010-09-14,145.750
2010-09-15,145.450
2010-09-16,148.130
2010-09-17,148.320
2010-09-20,151.300
2010-09-21,150.730
2010-09-22,151.830
2010-09-23,152.850
2010-09-24,160.730
2010-09-27,159.370
2010-09-28,159.700
2010-09-29,158.990
2010-09-30,157.060
2010-10-01,153.710
2010-10-04,155.390
2010-10-05,160.870
2010-10-06,155.400
2010-10-07,156.270
2010-10-08,155.550
2010-10-11,153.030
2010-10-12,156.480
2010-10-13,155.170
2010-10-14,155.530
2010-10-15,164.640
2010-10-18,163.560
2010-10-19,158.670
2010-10-20,158.670
2010-10-21,164.970
2010-10-22,169.130
2010-10-25,169.000
2010-10-26,169.950
2010-10-27,167.510
2010-10-28,166.840
2010-10-29,165.230
2010-11-01,162.580
2010-11-02,164.610
2010-11-03,168.470
2010-11-04,168.930
2010-11-05,170.770
2010-11-08,171.990
2010-11-09,170.270
2010-11-10,173.330
2010-11-11,170.370
2010-11-12,165.680
2010-11-15,158.900
2010-11-16,157.780
2010-11-17,158.350
2010-11-18,164.170
2010-11-19,164.820
2010-11-22,170.390
2010-11-23,168.200
2010-11-24,177.250
2010-11-26,177.200
2010-11-29,179.490
2010-11-30,175.400
2010-12-01,176.550
2010-12-02,176.530
2010-12-03,175.680
2010-12-06,178.050
2010-12-07,176.770
2010-12-08,176.290
2010-12-09,174.850
2010-12-10,175.620
2010-12-13,174.250
2010-12-14,173.940
2010-12-15,175.570
2010-12-16,178.040
2010-12-17,177.580
2010-12-20,183.290
2010-12-21,184.750
2010-12-22,184.760
2010-12-23,182.590
2010-12-27,182.140
2010-12-28,181.090
2010-12-29,183.370
2010-12-30,182.750
2010-12-31,180.000
2011-01-03,184.220
2011-01-04,185.010
2011-01-05,187.420
2011-01-06,185.860
2011-01-07,185.490
2011-01-10,184.680
2011-01-11,184.340
2011-01-12,184.080
2011-01-13,185.530
2011-01-14,188.750
2011-01-18,191.250
2011-01-19,186.870
2011-01-20,181.960
2011-01-21,177.420
2011-01-24,176.850
2011-01-25,176.700
2011-01-26,175.390
2011-01-27,184.450
2011-01-28,171.140
2011-01-31,169.640
2011-02-01,172.110
2011-02-02,173.530
2011-02-03,173.710
2011-02-04,175.930
2011-02-07,176.430
2011-02-08,183.060
2011-02-09,185.300
2011-02-10,186.210
2011-02-11,189.250
2011-02-14,190.420
2011-02-15,189.030
2011-02-16,186.620
2011-02-17,187.760
2011-02-18,186.500
2011-02-22,180.420
2011-02-23,176.680
2011-02-24,177.750
2011-02-25,177.240
2011-02-28,173.290
2011-03-01,169.440
2011-03-02,172.020
2011-03-03,172.790
2011-03-04,171.670
2011-03-07,169.080
2011-03-08,166.890
2011-03-09,169.050
2011-03-10,166.140
2011-03-11,168.070
2011-03-14,166.730
2011-03-15,165.080
2011-03-16,164.700
2011-03-17,160.970
2011-03-18,161.820
2011-03-21,164.520
2011-03-22,162.600
2011-03-23,165.320
2011-03-24,171.100
2011-03-25,170.980
2011-03-28,169.350
2011-03-29,174.620
2011-03-30,179.420
2011-03-31,180.130
2011-04-01,180.130
2011-04-04,182.940
2011-04-05,185.290
2011-04-06,182.760
2011-04-07,184.910
2011-04-08,184.710
2011-04-11,184.040
2011-04-12,180.480
2011-04-13,182.290
2011-04-14,181.820
2011-04-15,180.010
2011-04-18,178.340
2011-04-19,178.820
2011-04-20,183.870
2011-04-21,185.890
2011-04-25,185.420
2011-04-26,182.300
2011-04-27,196.630
2011-04-28,195.070
2011-04-29,195.810
2011-05-02,201.190
2011-05-03,198.450
2011-05-04,199.970
2011-05-05,197.110
2011-05-06,197.600
2011-05-09,200.800
2011-05-10,203.940
2011-05-11,204.380
2011-05-12,206.070
2011-05-13,202.560
2011-05-16,192.510
2011-05-17,194.810
2011-05-18,197.090
2011-05-19,198.800
2011-05-20,198.650
2011-05-23,196.220
2011-05-24,193.270
2011-05-25,192.260
2011-05-26,195.000
2011-05-27,194.130
2011-05-31,196.690
2011-06-01,192.400
2011-06-02,193.650
2011-06-03,188.320
2011-06-06,185.690
2011-06-07,187.550
2011-06-08,188.050
2011-06-09,189.680
2011-06-10,186.530
2011-06-13,186.290
2011-06-14,189.960
2011-06-15,185.980
2011-06-16,183.650
2011-06-17,186.370
2011-06-20,187.720
2011-06-21,194.230
2011-06-22,191.630
2011-06-23,194.160
2011-06-24,192.550
2011-06-27,201.250
2011-06-28,202.350
2011-06-29,204.180
2011-06-30,204.490
2011-07-01,209.490
2011-07-05,213.190
2011-07-06,214.190
2011-07-07,216.740
2011-07-08,218.280
2011-07-11,212.550
2011-07-12,211.230
2011-07-13,213.500
2011-07-14,210.380
2011-07-15,212.870
2011-07-18,211.530
2011-07-19,218.060
2011-07-20,215.550
2011-07-21,213.210
2011-07-22,216.520
2011-07-25,213.490
2011-07-26,214.180
2011-07-27,222.520
2011-07-28,223.900
2011-07-29,222.520
2011-08-01,221.320
2011-08-02,211.700
2011-08-03,209.960
2011-08-04,201.480
2011-08-05,202.700
2011-08-08,193.700
2011-08-09,205.090
2011-08-10,194.130
2011-08-11,198.360
2011-08-12,202.300
2011-08-15,202.950
2011-08-16,197.680
2011-08-17,195.930
2011-08-18,182.520
2011-08-19,178.930
2011-08-22,177.540
2011-08-23,193.550
2011-08-24,193.730
2011-08-25,192.030
2011-08-26,199.270
2011-08-29,206.530
2011-08-30,210.920
2011-08-31,215.230
2011-09-01,212.540
2011-09-02,210.000
2011-09-06,216.180
2011-09-07,219.900
2011-09-08,217.260
2011-09-09,211.390
2011-09-12,216.560
2011-09-13,219.530
2011-09-14,222.570
2011-09-15,226.780
2011-09-16,239.300
2011-09-19,241.690
2011-09-20,233.250
2011-09-21,231.870
2011-09-22,223.230
2011-09-23,223.610
2011-09-26,229.850
2011-09-27,224.210
2011-09-28,229.710
2011-09-29,222.440
2011-09-30,216.230
2011-10-03,211.980
2011-10-04,212.500
2011-10-05,219.500
2011-10-06,221.510
2011-10-07,224.740
2011-10-10,231.320
2011-10-11,235.480
2011-10-12,236.810
2011-10-13,236.150
2011-10-14,246.710
2011-10-17,242.330
2011-10-18,243.880
2011-10-19,231.530
2011-10-20,233.610
2011-10-21,234.780
2011-10-24,237.610
2011-10-25,227.150
2011-10-26,198.400
2011-10-27,206.780
2011-10-28,217.320
2011-10-31,213.510
2011-11-01,212.100
2011-11-02,215.620
2011-11-03,218.290
2011-11-04,216.480
2011-11-07,217.000
2011-11-08,217.990
2011-11-09,211.220
2011-11-10,210.790
2011-11-11,217.390
2011-11-14,218.930
2011-11-15,217.830
2011-11-16,211.990
2011-11-17,204.520
2011-11-18,197.140
2011-11-21,189.250
2011-11-22,192.340
2011-11-23,188.990
2011-11-25,182.400
2011-11-28,194.150
2011-11-29,188.390
2011-11-30,192.290
2011-12-01,197.130
2011-12-02,196.030
2011-12-05,196.240
2011-12-06,191.990
2011-12-07,195.320
2011-12-08,190.480
2011-12-09,193.030
2011-12-12,189.520
2011-12-13,180.510
2011-12-14,180.210
2011-12-15,181.260
2011-12-16,181.260
2011-12-19,179.330
2011-12-20,182.520
2011-12-21,174.350
2011-12-22,179.030
2011-12-23,177.280
2011-12-27,176.270
2011-12-28,173.890
2011-12-29,173.860
2011-12-30,173.100
2012-01-03,179.030
2012-01-04,177.510
2012-01-05,177.610
2012-01-06,182.610
2012-01-09,178.560
2012-01-10,179.340
2012-01-11,178.900
2012-01-12,175.930
2012-01-13,178.420
2012-01-17,181.660
2012-01-18,189.440
2012-01-19,194.450
2012-01-20,190.930
2012-01-23,186.090
2012-01-24,187.000
2012-01-25,187.800
2012-01-26,193.320
2012-01-27,195.370
2012-01-30,192.150
2012-01-31,194.440
2012-02-01,179.460
2012-02-02,181.720
2012-02-03,187.680
2012-02-06,183.140
2012-02-07,184.190
2012-02-08,185.480
2012-02-09,184.980
2012-02-10,185.540
2012-02-13,191.590
2012-02-14,191.300
2012-02-15,184.470
2012-02-16,179.930
2012-02-17,182.500
2012-02-21,182.260
2012-02-22,180.580
2012-02-23,178.890
2012-02-24,179.130
2012-02-27,178.530
2012-02-28,183.800
2012-02-29,179.690
2012-03-01,180.040
2012-03-02,179.300
2012-03-05,180.260
2012-03-06,181.090
2012-03-07,183.770
2012-03-08,187.640
2012-03-09,184.320
2012-03-12,183.390
2012-03-13,184.590
2012-03-14,182.260
2012-03-15,184.430
2012-03-16,185.050
2012-03-19,185.520
2012-03-20,192.330
2012-03-21,191.730
2012-03-22,192.400
2012-03-23,195.040
2012-03-26,202.870
2012-03-27,205.440
2012-03-28,201.160
2012-03-29,204.610
2012-03-30,202.510
2012-04-02,198.050
2012-04-03,199.660
2012-04-04,193.990
2012-04-05,194.390
2012-04-09,191.870
2012-04-10,186.980
2012-04-11,187.970
2012-04-12,190.690
2012-04-13,188.460
2012-04-16,185.500
2012-04-17,188.390
2012-04-18,191.070
2012-04-19,191.100
2012-04-20,189.980
2012-04-23,188.240
2012-04-24,190.330
2012-04-25,194.420
2012-04-26,195.990
2012-04-27,226.850
2012-04-30,231.900
2012-05-01,230.040
2012-05-02,230.250
2012-05-03,229.450
2012-05-04,223.990
2012-05-07,225.160
2012-05-08,223.900
2012-05-09,222.980
2012-05-10,226.690
2012-05-11,227.680
2012-05-14,222.930
2012-05-15,224.390
2012-05-16,224.060
2012-05-17,218.360
2012-05-18,213.850
2012-05-21,218.110
2012-05-22,215.330
2012-05-23,217.280
2012-05-24,215.240
2012-05-25,212.890
2012-05-29,214.750
2012-05-30,209.230
2012-05-31,212.910
2012-06-01,208.220
2012-06-04,214.570
2012-06-05,213.210
2012-06-06,217.640
2012-06-07,218.800
2012-06-08,218.480
2012-06-11,216.500
2012-06-12,216.420
2012-06-13,214.730
2012-06-14,214.450
2012-06-15,218.350
2012-06-18,222.660
2012-06-19,224.030
2012-06-20,223.020
2012-06-21,220.570
2012-06-22,222.160
2012-06-25,220.070
2012-06-26,225.610
2012-06-27,225.620
2012-06-28,221.310
2012-06-29,228.350
2012-07-02,229.320
2012-07-03,229.530
2012-07-05,227.060
2012-07-06,225.050
2012-07-09,225.050
2012-07-10,219.500
2012-07-11,218.370
2012-07-12,215.360
2012-07-13,218.390
2012-07-16,216.010
2012-07-17,216.930
2012-07-18,217.470
2012-07-19,226.170
2012-07-20,228.290
2012-07-23,226.010
2012-07-24,223.040
2012-07-25,217.050
2012-07-26,220.010
2012-07-27,237.320
2012-07-30,236.090
2012-07-31,233.300
2012-08-01,232.090
2012-08-02,230.810
2012-08-03,234.970
2012-08-06,233.990
2012-08-07,236.560
2012-08-08,234.380
2012-08-09,234.060
2012-08-10,232.750
2012-08-13,232.440
2012-08-14,233.190
2012-08-15,237.420
2012-08-16,241.550
2012-08-17,241.170
2012-08-20,240.350
2012-08-21,239.450
2012-08-22,243.100
2012-08-23,241.200
2012-08-24,245.740
2012-08-27,243.920
2012-08-28,246.110
2012-08-29,247.120
2012-08-30,246.220
2012-08-31,248.270
2012-09-04,247.880
2012-09-05,246.220
2012-09-06,251.380
2012-09-07,259.140
2012-09-10,257.090
2012-09-11,255.670
2012-09-12,255.630
2012-09-13,260.240
2012-09-14,261.270
2012-09-17,258.000
2012-09-18,258.750
2012-09-19,261.680
2012-09-20,260.810
2012-09-21,257.470
2012-09-24,254.800
2012-09-25,252.460
2012-09-26,249.670
2012-09-27,256.590
2012-09-28,254.320
2012-10-01,252.010
2012-10-02,250.600
2012-10-03,255.920
2012-10-04,260.470
2012-10-05,258.510
2012-10-08,259.060
2012-10-09,250.960
2012-10-10,244.990
2012-10-11,244.220
2012-10-12,242.360
2012-10-15,244.180
2012-10-16,243.940
2012-10-17,247.490
2012-10-18,244.850
2012-10-19,240.000
2012-10-22,233.780
2012-10-23,234.310
2012-10-24,228.490
2012-10-25,222.920
2012-10-26,238.240
2012-10-31,232.890
2012-11-01,232.140
2012-11-02,232.420
2012-11-05,234.330
2012-11-06,237.560
2012-11-07,232.060
2012-11-08,227.350
2012-11-09,226.310
2012-11-12,226.470
2012-11-13,226.600
2012-11-14,222.950
2012-11-15,220.600
2012-11-16,225.230
2012-11-19,229.710
2012-11-20,233.780
2012-11-21,238.030
2012-11-23,239.880
2012-11-26,243.620
2012-11-27,243.400
2012-11-28,247.110
2012-11-29,251.270
2012-11-30,252.050
2012-12-03,250.330
2012-12-04,252.490
2012-12-05,253.960
2012-12-06,253.370
2012-12-07,253.270
2012-12-10,247.770
2012-12-11,250.690
2012-12-12,251.760
2012-12-13,251.250
2012-12-14,249.190
2012-12-17,253.860
2012-12-18,260.400
2012-12-19,257.990
2012-12-20,261.500
2012-12-21,256.920
2012-12-24,258.620
2012-12-26,248.630
2012-12-27,248.310
2012-12-28,245.180
2012-12-31,250.870
2013-01-02,257.310
2013-01-03,258.480
2013-01-04,259.150
2013-01-07,268.460
2013-01-08,266.380
2013-01-09,266.350
2013-01-10,265.340
2013-01-11,267.940
2013-01-14,272.730
2013-01-15,271.900
2013-01-16,268.930
2013-01-17,270.480
2013-01-18,272.120
2013-01-22,270.190
2013-01-23,268.110
2013-01-24,273.460
2013-01-25,283.990
2013-01-28,276.040
2013-01-29,260.350
2013-01-30,272.760
2013-01-31,265.500
2013-02-01,265.000
2013-02-04,259.980
2013-02-05,266.890
2013-02-06,262.220
2013-02-07,260.230
2013-02-08,261.950
2013-02-11,257.210
2013-02-12,258.700
2013-02-13,269.470
2013-02-14,269.240
2013-02-15,265.090
2013-02-19,269.750
2013-02-20,266.410
2013-02-21,265.940
2013-02-22,265.420
2013-02-25,259.870
2013-02-26,259.360
2013-02-27,263.250
2013-02-28,264.270
2013-03-01,265.740
2013-03-04,273.110
2013-03-05,275.590
2013-03-06,273.790
2013-03-07,273.880
2013-03-08,274.190
2013-03-11,271.240
2013-03-12,274.130
2013-03-13,275.100
2013-03-14,265.740
2013-03-15,261.820
2013-03-18,257.890
2013-03-19,256.410
2013-03-20,257.280
2013-03-21,253.390
2013-03-22,257.750
2013-03-25,256.020
2013-03-26,260.310
2013-03-27,265.300
2013-03-28,266.490
2013-04-01,261.610
2013-04-02,263.320
2013-04-03,259.030
2013-04-04,259.080
2013-04-05,255.480
2013-04-08,258.950
2013-04-09,261.140
2013-04-10,264.770
2013-04-11,269.850
2013-04-12,272.870
2013-04-15,267.720
2013-04-16,272.340
2013-04-17,267.400
2013-04-18,259.420
2013-04-19,260.320
2013-04-22,263.550
2013-04-23,268.900
2013-04-24,268.780
2013-04-25,274.700
2013-04-26,254.810
2013-04-29,249.740
2013-04-30,253.810
2013-05-01,248.230
2013-05-02,252.550
2013-05-03,258.050
2013-05-06,255.720
2013-05-07,257.730
2013-05-08,258.680
2013-05-09,260.160
2013-05-10,263.630
2013-05-13,264.510
2013-05-14,268.330
2013-05-15,266.560
2013-05-16,264.120
2013-05-17,269.900
2013-05-20,267.630
2013-05-21,268.860
2013-05-22,262.960
2013-05-23,261.800
2013-05-24,261.740
2013-05-28,267.290
2013-05-29,265.530
2013-05-30,266.830
2013-05-31,269.200
2013-06-03,266.880
2013-06-04,265.700
2013-06-05,267.170
2013-06-06,267.830
2013-06-07,276.870
2013-06-10,281.070
2013-06-11,274.780
2013-06-12,271.670
2013-06-13,275.790
2013-06-14,273.990
2013-06-17,278.060
2013-06-18,281.760
2013-06-19,278.160
2013-06-20,273.440
2013-06-21,273.360
2013-06-24,270.610
2013-06-25,272.090
2013-06-26,277.570
2013-06-27,277.550
2013-06-28,277.690
2013-07-01,282.100
2013-07-02,283.730
2013-07-03,284.030
2013-07-05,285.880
2013-07-08,290.590
2013-07-09,291.530
2013-07-10,292.330
2013-07-11,299.660
2013-07-12,307.550
2013-07-15,306.570
2013-07-16,306.870
2013-07-17,308.690
2013-07-18,304.110
2013-07-19,305.230
2013-07-22,303.480
2013-07-23,301.060
2013-07-24,298.940
2013-07-25,303.400
2013-07-26,312.010
2013-07-29,306.100
2013-07-30,302.410
2013-07-31,301.220
2013-08-01,305.570
2013-08-02,304.210
2013-08-05,300.990
2013-08-06,300.750
2013-08-07,296.910
2013-08-08,295.740
2013-08-09,297.260
2013-08-12,296.690
2013-08-13,293.970
2013-08-14,291.340
2013-08-15,286.470
2013-08-16,284.820
2013-08-19,285.570
2013-08-20,287.090
2013-08-21,284.570
2013-08-22,289.730
2013-08-23,290.010
2013-08-26,286.210
2013-08-27,280.930
2013-08-28,281.580
2013-08-29,283.980
2013-08-30,280.980
2013-09-03,288.800
2013-09-04,293.640
2013-09-05,294.100
2013-09-06,295.860
2013-09-09,299.710
2013-09-10,300.360
2013-09-11,299.640
2013-09-12,298.860
2013-09-13,297.920
2013-09-16,296.060
2013-09-17,304.170
2013-09-18,312.030
2013-09-19,312.060
2013-09-20,316.340
2013-09-23,311.490
2013-09-24,314.130
2013-09-25,312.650
2013-09-26,318.120
2013-09-27,316.010
2013-09-30,312.640
2013-10-01,320.950
2013-10-02,320.510
2013-10-03,314.760
2013-10-04,319.040
2013-10-07,310.030
2013-10-08,303.230
2013-10-09,298.230
2013-10-10,305.170
2013-10-11,310.890
2013-10-14,310.700
2013-10-15,306.400
2013-10-16,310.490
2013-10-17,310.770
2013-10-18,328.930
2013-10-21,326.440
2013-10-22,332.540
2013-10-23,326.760
2013-10-24,332.210
2013-10-25,363.390
2013-10-28,358.160
2013-10-29,362.700
2013-10-30,361.080
2013-10-31,364.030
2013-11-01,359.000
2013-11-04,358.740
2013-11-05,358.890
2013-11-06,356.180
2013-11-07,343.560
2013-11-08,350.310
2013-11-11,354.380
2013-11-12,349.530
2013-11-13,356.220
2013-11-14,367.400
2013-11-15,369.170
2013-11-18,366.180
2013-11-19,364.940
2013-11-20,362.570
2013-11-21,368.920
2013-11-22,372.310
2013-11-25,376.640
2013-11-26,381.370
2013-11-27,386.710
2013-11-29,393.620
2013-12-02,392.300
2013-12-03,384.660
2013-12-04,385.960
2013-12-05,384.490
2013-12-06,386.950
2013-12-09,384.890
2013-12-10,387.780
2013-12-11,382.190
2013-12-12,381.250
2013-12-13,384.240
2013-12-16,388.970
2013-12-17,387.650
2013-12-18,395.960
2013-12-19,395.190
2013-12-20,402.200
2013-12-23,402.920
2013-12-24,399.200
2013-12-26,404.390
2013-12-27,398.080
2013-12-30,393.370
2013-12-31,398.790
2014-01-02,397.970
2014-01-03,396.440
2014-01-06,393.630
2014-01-07,398.030
2014-01-08,401.920
2014-01-09,401.010
2014-01-10,397.660
2014-01-13,390.980
2014-01-14,397.540
2014-01-15,395.870
2014-01-16,395.800
2014-01-17,399.610
2014-01-21,407.050
2014-01-22,404.540
2014-01-23,399.870
2014-01-24,387.600
2014-01-27,386.280
2014-01-28,394.430
2014-01-29,384.200
2014-01-30,403.010
2014-01-31,358.690
2014-02-03,346.150
2014-02-04,347.950
2014-02-05,346.450
2014-02-06,354.590
2014-02-07,361.080
2014-02-10,360.870
2014-02-11,361.790
2014-02-12,349.250
2014-02-13,357.200
2014-02-14,357.350
2014-02-18,353.650
2014-02-19,347.380
2014-02-20,349.800
2014-02-21,346.760
2014-02-24,351.780
2014-02-25,358.320
2014-02-26,359.800
2014-02-27,360.130
2014-02-28,362.100
2014-03-03,359.780
2014-03-04,363.900
2014-03-05,372.370
2014-03-06,372.160
2014-03-07,372.060
2014-03-10,370.530
2014-03-11,368.820
2014-03-12,370.640
2014-03-13,371.510
2014-03-14,373.740
2014-03-17,375.040
2014-03-18,378.770
2014-03-19,373.230
2014-03-20,368.970
2014-03-21,360.620
2014-03-24,351.850
2014-03-25,354.710
2014-03-26,343.410
2014-03-27,338.470
2014-03-28,338.290
2014-03-31,336.370
2014-04-01,342.990
2014-04-02,341.960
2014-04-03,333.620
2014-04-04,323.000
2014-04-07,317.760
2014-04-08,327.070
2014-04-09,331.810
2014-04-10,317.110
2014-04-11,311.730
2014-04-14,315.910
2014-04-15,316.080
2014-04-16,323.680
2014-04-17,324.910
2014-04-21,330.870
2014-04-22,329.320
2014-04-23,324.580
2014-04-24,337.150
2014-04-25,303.830
2014-04-28,296.580
2014-04-29,300.380
2014-04-30,304.130
2014-05-01,307.890
2014-05-02,308.010
2014-05-05,310.050
2014-05-06,297.380
2014-05-07,292.710
2014-05-08,288.320
2014-05-09,292.240
2014-05-12,302.860
2014-05-13,304.640
2014-05-14,297.620
2014-05-15,295.190
2014-05-16,297.700
2014-05-19,296.760
2014-05-20,301.190
2014-05-21,305.010
2014-05-22,304.910
2014-05-23,312.240
2014-05-27,310.820
2014-05-28,310.160
2014-05-29,313.780
2014-05-30,312.550
2014-06-02,308.840
2014-06-03,307.190
2014-06-04,306.780
2014-06-05,323.570
2014-06-06,329.670
2014-06-09,327.500
2014-06-10,332.410
2014-06-11,335.200
2014-06-12,325.910
2014-06-13,326.270
2014-06-16,327.620
2014-06-17,325.620
2014-06-18,334.380
2014-06-19,327.000
2014-06-20,324.200
2014-06-23,327.240
2014-06-24,324.160
2014-06-25,327.440
2014-06-26,325.690
2014-06-27,324.570
2014-06-30,324.780
2014-07-01,332.390
2014-07-02,332.850
2014-07-03,337.490
2014-07-07,333.550
2014-07-08,323.810
2014-07-09,329.970
2014-07-10,327.920
2014-07-11,346.200
2014-07-14,355.320
2014-07-15,354.440
2014-07-16,355.900
2014-07-17,352.450
2014-07-18,358.660
2014-07-21,359.760
2014-07-22,360.840
2014-07-23,358.140
2014-07-24,358.610
2014-07-25,324.010
2014-07-28,320.410
2014-07-29,320.000
2014-07-30,322.510
2014-07-31,312.990
2014-08-01,307.060
2014-08-04,313.650
2014-08-05,312.320
2014-08-06,313.890
2014-08-07,311.450
2014-08-08,316.800
2014-08-11,318.330
2014-08-12,319.320
2014-08-13,326.280
2014-08-14,333.210
2014-08-15,333.630
2014-08-18,334.530
2014-08-19,335.130
2014-08-20,335.780
2014-08-21,332.910
2014-08-22,331.590
2014-08-25,334.020
2014-08-26,341.830
2014-08-27,343.180
2014-08-28,340.020
2014-08-29,339.040
2014-09-02,342.380
2014-09-03,339.000
2014-09-04,345.950
2014-09-05,346.380
2014-09-08,342.340
2014-09-09,329.750
2014-09-10,331.330
2014-09-11,330.520
2014-09-12,331.190
2014-09-15,323.890
2014-09-16,327.760
2014-09-17,324.000
2014-09-18,325.000
2014-09-19,331.320
2014-09-22,324.500
2014-09-23,323.630
2014-09-24,328.210
2014-09-25,321.930
2014-09-26,323.210
2014-09-29,321.820
2014-09-30,322.440
2014-10-01,317.460
2014-10-02,318.410
2014-10-03,322.740
2014-10-06,322.200
2014-10-07,316.980
2014-10-08,322.700
2014-10-09,315.370
2014-10-10,311.390
2014-10-13,306.450
2014-10-14,308.310
2014-10-15,305.970
2014-10-16,302.860
2014-10-17,303.640
2014-10-20,306.210
2014-10-21,315.330
2014-10-22,312.970
2014-10-23,313.180
2014-10-24,287.060
2014-10-27,289.970
2014-10-28,295.590
2014-10-29,294.120
2014-10-30,299.070
2014-10-31,305.460
2014-11-03,305.720
2014-11-04,302.810
2014-11-05,296.520
2014-11-06,296.640
2014-11-07,299.860
2014-11-10,305.110
2014-11-11,312.010
2014-11-12,311.510
2014-11-13,316.480
2014-11-14,327.820
2014-11-17,323.050
2014-11-18,324.930
2014-11-19,326.540
2014-11-20,330.540
2014-11-21,332.630
2014-11-24,335.640
2014-11-25,335.040
2014-11-26,333.570
2014-11-28,338.640
2014-12-01,326.000
2014-12-02,326.310
2014-12-03,316.500
2014-12-04,316.930
2014-12-05,312.630
2014-12-08,306.640
2014-12-09,312.500
2014-12-10,305.840
2014-12-11,307.360
2014-12-12,307.320
2014-12-15,306.070
2014-12-16,295.060
2014-12-17,298.880
2014-12-18,297.730
2014-12-19,299.900
2014-12-22,306.540
2014-12-23,306.290
2014-12-24,303.030
2014-12-26,309.090
2014-12-29,312.040
2014-12-30,310.300
2014-12-31,310.350
2015-01-02,308.520
2015-01-05,302.190
2015-01-06,295.290
2015-01-07,298.420
2015-01-08,300.460
2015-01-09,296.930
2015-01-12,291.410
2015-01-13,294.740
2015-01-14,293.270
2015-01-15,286.950
2015-01-16,290.740
2015-01-20,289.440
2015-01-21,297.250
2015-01-22,310.320
2015-01-23,312.390
2015-01-26,309.660
2015-01-27,306.750
2015-01-28,303.910
2015-01-29,311.780
2015-01-30,354.530
2015-02-02,364.470
2015-02-03,363.550
2015-02-04,364.750
2015-02-05,373.890
2015-02-06,374.280
2015-02-09,370.560
2015-02-10,373.000
2015-02-11,375.140
2015-02-12,377.170
2015-02-13,381.830
2015-02-17,375.430
2015-02-18,373.370
2015-02-19,379.000
2015-02-20,383.660
2015-02-23,380.140
2015-02-24,378.590
2015-02-25,385.370
2015-02-26,384.800
2015-02-27,380.160
2015-03-02,385.660
2015-03-03,384.610
2015-03-04,382.720
2015-03-05,387.830
2015-03-06,380.090
2015-03-09,378.560
2015-03-10,369.510
2015-03-11,366.370
2015-03-12,374.240
2015-03-13,370.580
2015-03-16,373.350
2015-03-17,371.920
2015-03-18,375.140
2015-03-19,373.240
2015-03-20,378.490
2015-03-23,375.110
2015-03-24,374.090
2015-03-25,370.960
2015-03-26,367.350
2015-03-27,370.560
2015-03-30,374.590
2015-03-31,372.100
2015-04-01,370.260
2015-04-02,372.250
2015-04-06,377.040
2015-04-07,374.410
2015-04-08,381.200
2015-04-09,383.540
2015-04-10,382.650
2015-04-13,382.360
2015-04-14,385.110
2015-04-15,383.450
2015-04-16,386.040
2015-04-17,375.560
2015-04-20,389.510
2015-04-21,391.180
2015-04-22,389.800
2015-04-23,389.990
2015-04-24,445.100
2015-04-27,438.560
2015-04-28,429.310
2015-04-29,429.370
2015-04-30,421.780
2015-05-01,422.870
2015-05-04,423.040
2015-05-05,421.190
2015-05-06,419.100
2015-05-07,426.880
2015-05-08,433.690
2015-05-11,432.850
2015-05-12,431.020
2015-05-13,426.870
2015-05-14,432.280
2015-05-15,426.000
2015-05-18,425.240
2015-05-19,421.710
2015-05-20,423.860
2015-05-21,431.630
2015-05-22,427.630
2015-05-26,425.470
2015-05-27,431.420
2015-05-28,426.570
2015-05-29,429.230
2015-06-01,430.920
2015-06-02,430.990
2015-06-03,436.590
2015-06-04,430.780
2015-06-05,426.950
2015-06-08,423.500
2015-06-09,425.480
2015-06-10,430.770
2015-06-11,432.970
2015-06-12,429.920
2015-06-15,423.670
2015-06-16,427.260
2015-06-17,427.810
2015-06-18,439.390
2015-06-19,434.920
2015-06-22,436.290
2015-06-23,445.990
2015-06-24,440.840
2015-06-25,440.100
2015-06-26,438.100
2015-06-29,429.860
2015-06-30,434.090
2015-07-01,437.390
2015-07-02,437.710
2015-07-06,436.040
2015-07-07,436.720
2015-07-08,429.700
2015-07-09,434.390
2015-07-10,443.510
2015-07-13,455.570
2015-07-14,465.570
2015-07-15,461.190
2015-07-16,475.480
2015-07-17,483.010
2015-07-20,488.100
2015-07-21,488.000
2015-07-22,488.270
2015-07-23,482.180
2015-07-24,529.420
2015-07-27,531.410
2015-07-28,526.030
2015-07-29,529.000
2015-07-30,536.760
2015-07-31,536.150
2015-08-03,535.030
2015-08-04,531.900
2015-08-05,537.010
2015-08-06,529.460
2015-08-07,522.620
2015-08-10,524.000
2015-08-11,527.460
2015-08-12,525.910
2015-08-13,529.660
2015-08-14,531.520
2015-08-17,535.220
2015-08-18,535.020
2015-08-19,532.920
2015-08-20,515.780
2015-08-21,494.470
2015-08-24,463.370
2015-08-25,466.370
2015-08-26,500.770
2015-08-27,518.370
2015-08-28,518.010
2015-08-31,512.890
2015-09-01,496.540
2015-09-02,510.550
2015-09-03,504.720
2015-09-04,499.000
2015-09-08,517.540
2015-09-09,516.890
2015-09-10,522.240
2015-09-11,529.440
2015-09-14,521.380
2015-09-15,522.370
2015-09-16,527.390
2015-09-17,538.870
2015-09-18,540.260
2015-09-21,548.390
2015-09-22,538.400
2015-09-23,536.070
2015-09-24,533.750
2015-09-25,524.250
2015-09-28,504.060
2015-09-29,496.070
2015-09-30,511.890
2015-10-01,520.720
2015-10-02,532.540
2015-10-05,543.680
2015-10-06,537.480
2015-10-07,541.940
2015-10-08,533.160
2015-10-09,539.800
2015-10-12,550.190
2015-10-13,548.900
2015-10-14,544.830
2015-10-15,562.440
2015-10-16,570.760
2015-10-19,573.150
2015-10-20,560.880
2015-10-21,555.770
2015-10-22,563.910
2015-10-23,599.030
2015-10-26,608.610
2015-10-27,611.010
2015-10-28,617.100
2015-10-29,626.550
2015-10-30,625.900
2015-11-02,628.350
2015-11-03,625.310
2015-11-04,640.950
2015-11-05,655.650
2015-11-06,659.370
2015-11-09,655.490
2015-11-10,659.680
2015-11-11,673.250
2015-11-12,665.600
2015-11-13,642.350
2015-11-16,647.810
2015-11-17,643.300
2015-11-18,663.540
2015-11-19,661.270
2015-11-20,668.450
2015-11-23,678.990
2015-11-24,671.150
2015-11-25,675.340
2015-11-27,673.260
2015-11-30,664.800
2015-12-01,679.060
2015-12-02,676.010
2015-12-03,666.250
2015-12-04,672.640
2015-12-07,669.830
2015-12-08,677.330
2015-12-09,664.790
2015-12-10,662.320
2015-12-11,640.150
2015-12-14,657.910
2015-12-15,658.640
2015-12-16,675.770
2015-12-17,670.650
2015-12-18,664.140
2015-12-21,664.510
2015-12-22,663.150
2015-12-23,663.700
2015-12-24,662.790
2015-12-28,675.200
2015-12-29,693.970
2015-12-30,689.070
2015-12-31,675.890
2016-01-04,636.990
2016-01-05,633.790
2016-01-06,632.650
2016-01-07,607.940
2016-01-08,607.050
2016-01-11,617.740
2016-01-12,617.890
2016-01-13,581.810
2016-01-14,593.000
2016-01-15,570.180
2016-01-19,574.480
2016-01-20,571.770
2016-01-21,575.020
2016-01-22,596.380
2016-01-25,596.530
2016-01-26,601.250
2016-01-27,583.350
2016-01-28,635.350
2016-01-29,587.000
2016-02-01,574.810
2016-02-02,552.100
2016-02-03,531.070
2016-02-04,536.260
2016-02-05,502.130
2016-02-08,488.100
2016-02-09,482.070
2016-02-10,490.480
2016-02-11,503.820
2016-02-12,507.080
2016-02-16,521.100
2016-02-17,534.100
2016-02-18,525.000
2016-02-19,534.900
2016-02-22,559.500
2016-02-23,552.940
2016-02-24,554.040
2016-02-25,555.150
2016-02-26,555.230
2016-02-29,552.520
2016-03-01,579.040
2016-03-02,580.210
2016-03-03,577.490
2016-03-04,575.140
2016-03-07,562.800
2016-03-08,560.260
2016-03-09,559.470
2016-03-10,558.930
2016-03-11,569.610
2016-03-14,573.370
2016-03-15,577.020
2016-03-16,574.270
2016-03-17,559.440
2016-03-18,552.080
2016-03-21,553.980
2016-03-22,560.480
2016-03-23,569.630
2016-03-24,582.950
2016-03-28,579.870
2016-03-29,593.860
2016-03-30,598.690
2016-03-31,593.640
2016-04-01,598.500
2016-04-04,593.190
2016-04-05,586.140
2016-04-06,602.080
2016-04-07,591.430
2016-04-08,594.600
2016-04-11,595.930
2016-04-12,603.170
2016-04-13,614.820
2016-04-14,620.750
2016-04-15,625.890
2016-04-18,635.350
2016-04-19,627.900
2016-04-20,632.990
2016-04-21,631.000
2016-04-22,620.500
2016-04-25,626.200
2016-04-26,616.880
2016-04-27,606.570
2016-04-28,602.000
2016-04-29,659.590
2016-05-02,683.850
2016-05-03,671.320
2016-05-04,670.900
2016-05-05,659.090
2016-05-06,673.950
2016-05-09,679.750
2016-05-10,703.070
2016-05-11,713.230
2016-05-12,717.930
2016-05-13,709.920
2016-05-16,710.660
2016-05-17,695.270
2016-05-18,697.450
2016-05-19,698.520
2016-05-20,702.800
2016-05-23,696.750
2016-05-24,704.200
2016-05-25,708.350
2016-05-26,714.910
2016-05-27,712.240
2016-05-31,722.790
2016-06-01,719.440
2016-06-02,728.240
2016-06-03,725.540
2016-06-06,726.730
2016-06-07,723.740
2016-06-08,726.640
2016-06-09,727.650
2016-06-10,717.910
2016-06-13,715.240
2016-06-14,719.300
2016-06-15,714.260
2016-06-16,717.510
2016-06-17,706.390
2016-06-20,714.010
2016-06-21,715.820
2016-06-22,710.600
2016-06-23,722.080
2016-06-24,698.960
2016-06-27,691.360
2016-06-28,707.950
2016-06-29,715.600
2016-06-30,715.620
2016-07-01,725.680
2016-07-05,728.100
2016-07-06,737.610
2016-07-07,736.570
2016-07-08,745.810
2016-07-11,753.780
2016-07-12,748.210
2016-07-13,742.630
2016-07-14,741.200
2016-07-15,735.440
2016-07-18,736.070
2016-07-19,739.950
2016-07-20,745.720
2016-07-21,744.430
2016-07-22,744.860
2016-07-25,739.610
2016-07-26,735.590
2016-07-27,736.670
2016-07-28,752.610
2016-07-29,758.810
2016-08-01,767.740
2016-08-02,760.580
2016-08-03,754.640
2016-08-04,760.770
2016-08-05,765.980
2016-08-08,766.560
2016-08-09,768.310
2016-08-10,768.560
2016-08-11,771.240
2016-08-12,772.560
2016-08-15,768.490
2016-08-16,764.040
2016-08-17,764.630
2016-08-18,764.460
2016-08-19,757.310
2016-08-22,759.480
2016-08-23,762.450
2016-08-24,757.250
2016-08-25,759.220
2016-08-26,769.000
2016-08-29,771.290
2016-08-30,767.580
2016-08-31,769.160
2016-09-01,770.620
2016-09-02,772.440
2016-09-06,788.870
2016-09-07,784.480
2016-09-08,784.060
2016-09-09,760.140
2016-09-12,771.490
2016-09-13,761.010
2016-09-14,761.090
2016-09-15,769.690
2016-09-16,778.520
2016-09-19,775.100
2016-09-20,780.220
2016-09-21,789.740
2016-09-22,804.700
2016-09-23,805.750
2016-09-26,799.160
2016-09-27,816.110
2016-09-28,828.720
2016-09-29,829.050
2016-09-30,837.310
2016-10-03,836.740
2016-10-04,834.030
2016-10-05,844.360
2016-10-06,841.660
2016-10-07,839.430
2016-10-10,841.710
2016-10-11,831.000
2016-10-12,834.090
2016-10-13,829.280
2016-10-14,822.960
2016-10-17,812.950
2016-10-18,817.650
2016-10-19,817.690
2016-10-20,810.320
2016-10-21,818.990
2016-10-24,838.090
2016-10-25,835.180
2016-10-26,822.590
2016-10-27,818.360
2016-10-28,776.320
2016-10-31,789.820
2016-11-01,785.410
2016-11-02,765.560
2016-11-03,767.030
2016-11-04,755.050
2016-11-07,784.930
2016-11-08,787.750
2016-11-09,771.880
2016-11-10,742.380
2016-11-11,739.010
2016-11-14,719.070
2016-11-15,743.240
2016-11-16,746.490
2016-11-17,756.400
2016-11-18,760.160
2016-11-21,780.000
2016-11-22,785.330
2016-11-23,780.120
2016-11-25,780.370
2016-11-28,766.770
2016-11-29,762.520
2016-11-30,750.570
2016-12-01,743.650
2016-12-02,740.340
2016-12-05,759.360
2016-12-06,764.720
2016-12-07,770.420
2016-12-08,767.330
2016-12-09,768.660
2016-12-12,760.120
2016-12-13,774.340
2016-12-14,768.820
2016-12-15,761.000
2016-12-16,757.770
2016-12-19,766.000
2016-12-20,771.220
2016-12-21,770.600
2016-12-22,766.340
2016-12-23,760.590
2016-12-27,771.400
2016-12-28,772.130
2016-12-29,765.150
2016-12-30,749.870
2017-01-03,753.670
2017-01-04,757.180
2017-01-05,780.450
2017-01-06,795.990
2017-01-09,796.920
2017-01-10,795.900
2017-01-11,799.020
2017-01-12,813.640
2017-01-13,817.140
2017-01-17,809.720
2017-01-18,807.480
2017-01-19,809.040
2017-01-20,808.330
2017-01-23,817.880
2017-01-24,822.440
2017-01-25,836.520
2017-01-26,839.150
2017-01-27,835.770
2017-01-30,830.380
2017-01-31,823.480
2017-02-01,832.350
2017-02-02,839.950
2017-02-03,810.200
2017-02-06,807.640
2017-02-07,812.500
2017-02-08,819.710
2017-02-09,821.360
2017-02-10,827.460
2017-02-13,836.530
2017-02-14,836.390
2017-02-15,842.700
2017-02-16,844.140
2017-02-17,845.070
2017-02-21,856.440
2017-02-22,855.610
2017-02-23,852.190
2017-02-24,845.240
2017-02-27,848.640
2017-02-28,845.040
2017-03-01,853.080
2017-03-02,848.910
2017-03-03,849.880
2017-03-06,846.610
2017-03-07,846.020
2017-03-08,850.500
2017-03-09,853.000
2017-03-10,852.460
2017-03-13,854.590
2017-03-14,852.530
2017-03-15,852.970
2017-03-16,853.420
2017-03-17,852.310
2017-03-20,856.970
2017-03-21,843.200
2017-03-22,848.060
2017-03-23,847.380
2017-03-24,845.610
2017-03-27,846.820
2017-03-28,856.000
2017-03-29,874.320
2017-03-30,876.340
2017-03-31,886.540
2017-04-03,891.510
2017-04-04,906.830
2017-04-05,909.280
2017-04-06,898.280
2017-04-07,894.880
2017-04-10,907.040
2017-04-11,902.360
2017-04-12,896.230
2017-04-13,884.670
2017-04-17,901.990
2017-04-18,903.780
2017-04-19,899.200
2017-04-20,902.060
2017-04-21,898.530
2017-04-24,907.410
2017-04-25,907.620
2017-04-26,909.290
2017-04-27,918.380
2017-04-28,924.990
2017-05-01,948.230
2017-05-02,946.940
2017-05-03,941.030
2017-05-04,937.530
2017-05-05,934.150
2017-05-08,949.040
2017-05-09,952.820
2017-05-10,948.950
2017-05-11,947.620
2017-05-12,961.350
2017-05-15,957.970
2017-05-16,966.070
2017-05-17,944.760
2017-05-18,958.490
2017-05-19,959.840
